,12,24,36,60,84,120,180,240,300,348
0,0.556,0.476,0.508,0.492,0.476,0.492,0.556,0.524,0.508,0.492
1,0.587,0.667,0.714,0.683,0.651,0.698,0.587,0.603,0.635,0.635
2,0.556,0.603,0.571,0.556,0.556,0.587,0.571,0.603,0.587,0.556
3,0.635,0.667,0.651,0.603,0.587,0.556,0.651,0.635,0.603,0.619
4,0.603,0.603,0.714,0.73,0.746,0.762,0.683,0.698,0.683,0.651
5,0.587,0.603,0.603,0.635,0.667,0.667,0.683,0.683,0.683,0.667
6,0.54,0.651,0.635,0.587,0.619,0.651,0.619,0.619,0.619,0.635
7,0.571,0.683,0.667,0.603,0.603,0.651,0.635,0.683,0.683,0.667
8,0.603,0.635,0.635,0.651,0.619,0.667,0.667,0.635,0.587,0.603
9,0.492,0.54,0.556,0.571,0.603,0.54,0.571,0.571,0.54,0.524
10,0.603,0.556,0.571,0.603,0.651,0.619,0.619,0.651,0.635,0.619
11,0.619,0.524,0.556,0.603,0.603,0.619,0.635,0.619,0.571,0.571
12,0.603,0.619,0.571,0.587,0.587,0.667,0.714,0.683,0.603,0.587
13,0.571,0.54,0.556,0.635,0.635,0.619,0.603,0.619,0.651,0.651
14,0.508,0.508,0.524,0.476,0.46,0.508,0.587,0.571,0.587,0.603
15,0.524,0.651,0.698,0.635,0.635,0.667,0.651,0.635,0.635,0.635
16,0.635,0.587,0.603,0.587,0.587,0.603,0.556,0.54,0.524,0.508
17,0.619,0.619,0.635,0.667,0.667,0.651,0.635,0.651,0.651,0.667
18,0.619,0.556,0.524,0.54,0.571,0.571,0.587,0.603,0.587,0.556
19,0.556,0.587,0.603,0.619,0.603,0.619,0.619,0.603,0.635,0.635
20,0.635,0.635,0.571,0.587,0.603,0.635,0.635,0.635,0.667,0.667
21,0.619,0.587,0.603,0.571,0.603,0.683,0.683,0.603,0.556,0.54
22,0.556,0.603,0.587,0.603,0.556,0.571,0.603,0.556,0.571,0.587
23,0.603,0.556,0.603,0.683,0.683,0.714,0.651,0.635,0.619,0.619
24,0.571,0.571,0.635,0.683,0.714,0.698,0.619,0.619,0.571,0.571
25,0.556,0.667,0.619,0.635,0.683,0.619,0.619,0.603,0.524,0.524
26,0.603,0.571,0.524,0.54,0.556,0.571,0.619,0.587,0.587,0.587
27,0.54,0.556,0.619,0.587,0.587,0.619,0.571,0.556,0.54,0.556
28,0.571,0.619,0.603,0.603,0.571,0.619,0.651,0.667,0.587,0.587
29,0.619,0.635,0.683,0.667,0.667,0.762,0.698,0.698,0.683,0.667
30,0.587,0.651,0.603,0.603,0.603,0.571,0.556,0.603,0.587,0.587
31,0.556,0.619,0.603,0.667,0.698,0.683,0.556,0.571,0.587,0.587
32,0.54,0.571,0.524,0.587,0.587,0.603,0.571,0.603,0.619,0.587
33,0.603,0.619,0.603,0.571,0.571,0.571,0.619,0.603,0.587,0.587
34,0.556,0.635,0.619,0.619,0.587,0.603,0.571,0.619,0.603,0.603
35,0.619,0.651,0.635,0.603,0.571,0.635,0.635,0.667,0.683,0.667
36,0.619,0.698,0.698,0.635,0.635,0.698,0.73,0.714,0.667,0.683
37,0.492,0.46,0.524,0.603,0.556,0.54,0.587,0.524,0.508,0.508
38,0.619,0.714,0.73,0.73,0.651,0.667,0.698,0.651,0.635,0.603
39,0.571,0.524,0.524,0.54,0.571,0.603,0.556,0.524,0.54,0.54
40,0.54,0.667,0.635,0.603,0.603,0.667,0.698,0.651,0.619,0.651
41,0.508,0.524,0.571,0.603,0.587,0.619,0.556,0.556,0.571,0.571
42,0.54,0.571,0.603,0.603,0.619,0.651,0.667,0.651,0.619,0.635
43,0.587,0.667,0.667,0.571,0.571,0.54,0.571,0.587,0.603,0.635
44,0.508,0.54,0.556,0.603,0.603,0.603,0.603,0.587,0.603,0.603
45,0.651,0.508,0.54,0.524,0.571,0.556,0.571,0.492,0.54,0.524
46,0.635,0.524,0.508,0.571,0.571,0.587,0.603,0.619,0.556,0.54
47,0.794,0.635,0.619,0.587,0.571,0.619,0.651,0.651,0.587,0.571
48,0.651,0.619,0.651,0.619,0.619,0.667,0.587,0.571,0.571,0.587
49,0.603,0.619,0.635,0.667,0.635,0.651,0.635,0.635,0.571,0.571
50,0.556,0.651,0.635,0.667,0.683,0.667,0.651,0.667,0.667,0.635
51,0.603,0.571,0.587,0.603,0.587,0.571,0.587,0.571,0.524,0.54
52,0.651,0.714,0.683,0.651,0.651,0.651,0.651,0.635,0.619,0.603
53,0.603,0.794,0.714,0.619,0.635,0.619,0.651,0.635,0.635,0.635
54,0.492,0.619,0.683,0.651,0.635,0.635,0.587,0.603,0.587,0.54
55,0.587,0.571,0.635,0.667,0.635,0.651,0.603,0.587,0.587,0.571
56,0.556,0.603,0.635,0.667,0.651,0.667,0.603,0.587,0.619,0.635
57,0.508,0.667,0.667,0.667,0.619,0.619,0.603,0.619,0.587,0.587
58,0.587,0.524,0.571,0.587,0.587,0.603,0.603,0.603,0.571,0.556
59,0.571,0.556,0.524,0.524,0.556,0.556,0.587,0.524,0.492,0.492
60,0.524,0.698,0.683,0.587,0.587,0.587,0.587,0.587,0.619,0.603
61,0.508,0.571,0.619,0.587,0.587,0.587,0.571,0.54,0.587,0.587
62,0.524,0.651,0.683,0.635,0.603,0.651,0.683,0.683,0.683,0.683
63,0.635,0.524,0.571,0.587,0.587,0.603,0.603,0.587,0.587,0.556
64,0.556,0.619,0.603,0.635,0.587,0.667,0.603,0.571,0.556,0.556
65,0.444,0.492,0.508,0.587,0.571,0.571,0.619,0.619,0.587,0.587
66,0.651,0.651,0.667,0.651,0.587,0.619,0.619,0.619,0.571,0.619
67,0.556,0.508,0.524,0.603,0.635,0.635,0.603,0.603,0.524,0.54
68,0.508,0.667,0.683,0.667,0.667,0.619,0.667,0.667,0.667,0.651
69,0.571,0.587,0.587,0.587,0.587,0.571,0.571,0.556,0.603,0.619
70,0.571,0.619,0.603,0.635,0.667,0.651,0.683,0.667,0.635,0.619
71,0.571,0.603,0.667,0.683,0.651,0.667,0.556,0.587,0.587,0.571
72,0.54,0.698,0.762,0.698,0.667,0.683,0.683,0.651,0.635,0.635
73,0.524,0.571,0.587,0.587,0.587,0.635,0.683,0.667,0.651,0.635
74,0.746,0.73,0.698,0.651,0.619,0.651,0.651,0.635,0.651,0.635
75,0.667,0.603,0.587,0.603,0.619,0.635,0.619,0.587,0.571,0.587
76,0.571,0.651,0.683,0.635,0.619,0.603,0.651,0.619,0.619,0.587
77,0.635,0.635,0.635,0.667,0.667,0.667,0.667,0.683,0.619,0.635
78,0.635,0.603,0.635,0.587,0.635,0.698,0.667,0.635,0.587,0.619
79,0.587,0.635,0.603,0.635,0.635,0.667,0.651,0.651,0.635,0.635
80,0.556,0.683,0.667,0.667,0.635,0.667,0.587,0.54,0.54,0.54
81,0.556,0.619,0.651,0.603,0.54,0.571,0.571,0.556,0.556,0.556
82,0.571,0.524,0.667,0.683,0.651,0.603,0.587,0.556,0.556,0.54
83,0.619,0.587,0.651,0.651,0.698,0.667,0.698,0.683,0.651,0.651
84,0.571,0.587,0.603,0.492,0.492,0.524,0.524,0.556,0.556,0.556
85,0.667,0.667,0.667,0.619,0.587,0.683,0.73,0.73,0.73,0.714
86,0.524,0.587,0.635,0.635,0.619,0.667,0.587,0.556,0.587,0.587
87,0.635,0.619,0.635,0.619,0.587,0.635,0.619,0.635,0.635,0.619
88,0.524,0.556,0.571,0.619,0.651,0.619,0.587,0.603,0.603,0.571
89,0.54,0.556,0.603,0.635,0.651,0.619,0.587,0.571,0.556,0.556
90,0.54,0.619,0.603,0.683,0.683,0.619,0.667,0.635,0.698,0.667
91,0.54,0.556,0.54,0.524,0.556,0.571,0.54,0.556,0.587,0.587
92,0.603,0.635,0.683,0.667,0.683,0.698,0.667,0.635,0.619,0.619
93,0.508,0.54,0.603,0.667,0.667,0.619,0.508,0.556,0.587,0.587
94,0.476,0.698,0.651,0.651,0.635,0.683,0.698,0.714,0.587,0.587
95,0.619,0.508,0.54,0.571,0.556,0.571,0.603,0.556,0.556,0.571
96,0.556,0.476,0.524,0.556,0.54,0.556,0.587,0.556,0.556,0.556
97,0.556,0.587,0.603,0.603,0.635,0.603,0.603,0.556,0.556,0.54
98,0.635,0.571,0.603,0.619,0.603,0.603,0.587,0.603,0.556,0.571
99,0.571,0.571,0.571,0.635,0.635,0.619,0.54,0.524,0.54,0.556
100,0.619,0.571,0.587,0.587,0.619,0.603,0.571,0.619,0.635,0.667
101,0.556,0.619,0.714,0.651,0.635,0.651,0.635,0.635,0.635,0.619
102,0.619,0.587,0.587,0.54,0.571,0.587,0.587,0.54,0.571,0.54
103,0.587,0.603,0.603,0.635,0.635,0.635,0.556,0.54,0.524,0.556
104,0.571,0.651,0.714,0.635,0.635,0.635,0.619,0.651,0.651,0.651
105,0.571,0.556,0.587,0.603,0.683,0.683,0.714,0.667,0.635,0.635
106,0.587,0.556,0.603,0.571,0.54,0.651,0.603,0.587,0.54,0.54
107,0.571,0.698,0.714,0.651,0.651,0.651,0.635,0.667,0.635,0.635
108,0.667,0.619,0.556,0.571,0.619,0.651,0.683,0.619,0.635,0.651
109,0.651,0.571,0.524,0.571,0.556,0.556,0.556,0.524,0.556,0.54
110,0.524,0.571,0.603,0.651,0.667,0.651,0.571,0.556,0.571,0.556
111,0.492,0.603,0.667,0.667,0.698,0.683,0.635,0.651,0.619,0.619
112,0.603,0.571,0.603,0.603,0.587,0.667,0.603,0.619,0.571,0.571
113,0.508,0.635,0.635,0.683,0.683,0.635,0.54,0.556,0.587,0.571
114,0.556,0.603,0.587,0.524,0.54,0.619,0.619,0.635,0.54,0.571
115,0.603,0.619,0.635,0.619,0.635,0.603,0.619,0.587,0.571,0.571
116,0.508,0.667,0.651,0.762,0.698,0.667,0.667,0.714,0.714,0.73
117,0.54,0.683,0.667,0.651,0.619,0.635,0.524,0.587,0.667,0.683
118,0.587,0.556,0.508,0.571,0.603,0.571,0.635,0.587,0.603,0.603
119,0.603,0.587,0.651,0.698,0.683,0.683,0.667,0.683,0.603,0.619
120,0.651,0.635,0.619,0.587,0.587,0.619,0.619,0.587,0.651,0.651
121,0.635,0.667,0.651,0.667,0.619,0.603,0.587,0.635,0.651,0.651
122,0.508,0.492,0.524,0.556,0.571,0.556,0.556,0.587,0.556,0.571
123,0.587,0.667,0.619,0.603,0.635,0.635,0.651,0.635,0.603,0.587
124,0.603,0.667,0.746,0.714,0.667,0.683,0.635,0.667,0.714,0.714
125,0.587,0.651,0.603,0.635,0.571,0.571,0.587,0.571,0.603,0.587
126,0.619,0.651,0.603,0.603,0.619,0.603,0.619,0.603,0.556,0.556
127,0.603,0.683,0.667,0.667,0.651,0.603,0.683,0.667,0.651,0.667
128,0.619,0.54,0.603,0.619,0.651,0.619,0.603,0.635,0.603,0.603
129,0.508,0.651,0.603,0.619,0.587,0.603,0.587,0.651,0.635,0.635
130,0.492,0.635,0.651,0.667,0.667,0.683,0.571,0.571,0.603,0.603
131,0.635,0.667,0.667,0.651,0.667,0.698,0.667,0.651,0.667,0.683
132,0.54,0.619,0.571,0.619,0.619,0.635,0.603,0.556,0.508,0.524
133,0.587,0.54,0.556,0.556,0.603,0.587,0.524,0.54,0.54,0.556
134,0.603,0.603,0.619,0.651,0.651,0.683,0.746,0.667,0.603,0.619
135,0.571,0.667,0.651,0.651,0.603,0.603,0.556,0.571,0.508,0.508
136,0.619,0.651,0.619,0.619,0.635,0.603,0.667,0.635,0.635,0.635
137,0.571,0.683,0.698,0.698,0.698,0.667,0.714,0.667,0.619,0.587
138,0.54,0.587,0.571,0.619,0.667,0.683,0.698,0.683,0.651,0.651
139,0.524,0.508,0.54,0.603,0.603,0.587,0.651,0.635,0.635,0.619
140,0.571,0.651,0.603,0.635,0.603,0.619,0.651,0.683,0.698,0.698
141,0.635,0.556,0.603,0.619,0.587,0.571,0.667,0.603,0.571,0.587
142,0.556,0.508,0.492,0.54,0.571,0.571,0.571,0.571,0.556,0.556
143,0.476,0.54,0.587,0.619,0.587,0.619,0.635,0.556,0.54,0.556
144,0.54,0.635,0.603,0.651,0.667,0.619,0.619,0.603,0.603,0.619
145,0.603,0.587,0.619,0.587,0.619,0.587,0.683,0.667,0.651,0.635
146,0.571,0.556,0.619,0.667,0.619,0.635,0.619,0.635,0.667,0.651
147,0.54,0.651,0.651,0.698,0.714,0.698,0.651,0.667,0.651,0.651
148,0.54,0.587,0.571,0.571,0.571,0.619,0.619,0.587,0.556,0.571
149,0.556,0.603,0.587,0.571,0.571,0.54,0.714,0.651,0.635,0.651
150,0.571,0.54,0.492,0.54,0.54,0.492,0.556,0.524,0.492,0.492
151,0.698,0.635,0.651,0.667,0.667,0.698,0.683,0.651,0.651,0.635
152,0.571,0.556,0.571,0.54,0.524,0.603,0.683,0.619,0.635,0.651
153,0.556,0.635,0.667,0.571,0.587,0.556,0.492,0.524,0.556,0.587
154,0.571,0.587,0.603,0.667,0.635,0.619,0.603,0.619,0.587,0.571
155,0.54,0.508,0.508,0.508,0.508,0.54,0.524,0.571,0.571,0.571
156,0.508,0.587,0.603,0.571,0.556,0.571,0.651,0.635,0.603,0.603
157,0.587,0.54,0.556,0.571,0.54,0.571,0.651,0.603,0.54,0.524
158,0.508,0.651,0.635,0.667,0.683,0.651,0.635,0.603,0.556,0.571
159,0.651,0.667,0.683,0.698,0.651,0.683,0.73,0.683,0.635,0.619
160,0.651,0.603,0.603,0.556,0.54,0.603,0.587,0.587,0.587,0.556
161,0.508,0.667,0.635,0.619,0.603,0.571,0.698,0.635,0.651,0.603
162,0.508,0.54,0.556,0.571,0.603,0.635,0.667,0.651,0.619,0.619
163,0.508,0.508,0.492,0.556,0.619,0.635,0.619,0.54,0.556,0.54
164,0.54,0.651,0.683,0.635,0.651,0.667,0.73,0.698,0.667,0.667
165,0.54,0.603,0.603,0.603,0.571,0.54,0.556,0.54,0.524,0.508
166,0.54,0.651,0.698,0.667,0.651,0.714,0.667,0.667,0.667,0.651
167,0.571,0.587,0.571,0.635,0.635,0.667,0.587,0.571,0.556,0.556
168,0.698,0.619,0.587,0.571,0.619,0.635,0.651,0.603,0.556,0.587
169,0.54,0.587,0.619,0.603,0.571,0.603,0.556,0.571,0.556,0.556
170,0.556,0.571,0.603,0.603,0.619,0.619,0.619,0.524,0.556,0.556
171,0.603,0.54,0.54,0.508,0.54,0.556,0.54,0.524,0.46,0.476
172,0.524,0.635,0.667,0.698,0.714,0.667,0.635,0.619,0.603,0.619
173,0.571,0.635,0.619,0.619,0.556,0.619,0.587,0.603,0.619,0.619
174,0.54,0.603,0.603,0.556,0.54,0.667,0.714,0.667,0.651,0.635
175,0.635,0.571,0.619,0.635,0.635,0.619,0.603,0.619,0.619,0.603
176,0.556,0.587,0.603,0.651,0.651,0.698,0.651,0.619,0.635,0.635
177,0.556,0.651,0.683,0.683,0.683,0.667,0.635,0.619,0.571,0.571
178,0.571,0.571,0.571,0.587,0.571,0.587,0.571,0.587,0.587,0.571
179,0.571,0.603,0.619,0.651,0.603,0.556,0.587,0.556,0.54,0.54
180,0.556,0.556,0.603,0.619,0.651,0.651,0.635,0.635,0.603,0.587
181,0.571,0.54,0.556,0.587,0.571,0.587,0.603,0.587,0.635,0.635
182,0.619,0.54,0.556,0.556,0.571,0.603,0.556,0.587,0.603,0.603
183,0.54,0.698,0.714,0.683,0.667,0.683,0.571,0.524,0.571,0.54
184,0.587,0.587,0.619,0.587,0.587,0.571,0.619,0.619,0.603,0.571
185,0.508,0.54,0.54,0.571,0.54,0.603,0.587,0.571,0.571,0.556
186,0.571,0.587,0.603,0.603,0.619,0.603,0.635,0.619,0.587,0.619
187,0.683,0.603,0.603,0.571,0.587,0.587,0.698,0.698,0.635,0.635
188,0.556,0.571,0.571,0.571,0.556,0.556,0.508,0.524,0.492,0.524
189,0.556,0.698,0.683,0.73,0.651,0.698,0.73,0.714,0.698,0.683
190,0.571,0.556,0.587,0.635,0.651,0.619,0.587,0.603,0.603,0.603
191,0.476,0.587,0.556,0.54,0.508,0.571,0.587,0.524,0.508,0.524
192,0.54,0.587,0.603,0.603,0.603,0.651,0.683,0.603,0.651,0.635
193,0.667,0.635,0.651,0.651,0.683,0.667,0.667,0.635,0.571,0.556
194,0.571,0.587,0.571,0.587,0.603,0.635,0.619,0.619,0.619,0.603
195,0.556,0.635,0.667,0.651,0.667,0.698,0.651,0.651,0.603,0.619
196,0.587,0.587,0.587,0.54,0.524,0.571,0.603,0.603,0.571,0.587
197,0.635,0.635,0.635,0.651,0.667,0.714,0.683,0.683,0.667,0.667
198,0.556,0.619,0.635,0.619,0.603,0.667,0.778,0.667,0.667,0.667
199,0.571,0.651,0.619,0.651,0.603,0.683,0.698,0.667,0.635,0.635
200,0.619,0.635,0.698,0.714,0.698,0.635,0.714,0.714,0.667,0.651
201,0.54,0.571,0.571,0.619,0.683,0.603,0.603,0.619,0.587,0.587
202,0.508,0.492,0.54,0.571,0.54,0.571,0.556,0.524,0.556,0.54
203,0.571,0.683,0.651,0.635,0.587,0.603,0.635,0.571,0.571,0.556
204,0.635,0.571,0.54,0.556,0.571,0.603,0.619,0.571,0.524,0.54
205,0.556,0.619,0.587,0.54,0.524,0.54,0.571,0.571,0.587,0.571
206,0.603,0.651,0.619,0.603,0.556,0.587,0.635,0.667,0.698,0.651
207,0.524,0.603,0.619,0.619,0.571,0.571,0.587,0.54,0.587,0.571
208,0.54,0.603,0.651,0.73,0.683,0.698,0.683,0.651,0.667,0.667
209,0.587,0.667,0.667,0.683,0.683,0.651,0.667,0.587,0.603,0.603
210,0.603,0.524,0.54,0.587,0.587,0.587,0.571,0.603,0.603,0.587
211,0.54,0.54,0.556,0.571,0.587,0.571,0.556,0.571,0.587,0.556
212,0.667,0.714,0.714,0.651,0.635,0.667,0.619,0.667,0.619,0.635
213,0.556,0.603,0.603,0.603,0.635,0.619,0.587,0.571,0.587,0.587
214,0.635,0.571,0.683,0.698,0.667,0.698,0.746,0.714,0.619,0.619
215,0.603,0.746,0.698,0.635,0.603,0.619,0.571,0.635,0.571,0.587
216,0.635,0.603,0.651,0.667,0.635,0.651,0.651,0.683,0.651,0.651
217,0.54,0.635,0.635,0.635,0.619,0.635,0.635,0.587,0.571,0.571
218,0.571,0.587,0.683,0.635,0.651,0.714,0.73,0.667,0.587,0.619
219,0.683,0.683,0.698,0.651,0.667,0.73,0.746,0.698,0.651,0.651
220,0.571,0.714,0.698,0.635,0.635,0.698,0.683,0.698,0.667,0.651
221,0.524,0.556,0.651,0.683,0.667,0.683,0.603,0.587,0.587,0.587
222,0.556,0.603,0.698,0.683,0.683,0.683,0.651,0.651,0.635,0.619
223,0.556,0.603,0.556,0.603,0.619,0.635,0.73,0.651,0.651,0.651
224,0.571,0.667,0.651,0.603,0.619,0.619,0.619,0.619,0.651,0.651
225,0.603,0.508,0.524,0.508,0.524,0.54,0.619,0.587,0.556,0.524
226,0.571,0.571,0.587,0.619,0.603,0.603,0.587,0.603,0.619,0.651
227,0.714,0.603,0.603,0.556,0.556,0.571,0.619,0.603,0.54,0.492
228,0.603,0.603,0.635,0.54,0.54,0.619,0.571,0.571,0.556,0.54
229,0.635,0.556,0.54,0.603,0.651,0.635,0.619,0.603,0.54,0.54
230,0.651,0.603,0.619,0.635,0.603,0.635,0.619,0.603,0.556,0.556
231,0.587,0.683,0.635,0.508,0.524,0.603,0.603,0.571,0.556,0.556
232,0.667,0.635,0.651,0.556,0.54,0.54,0.587,0.587,0.587,0.571
233,0.683,0.587,0.54,0.54,0.54,0.524,0.54,0.508,0.524,0.54
234,0.556,0.603,0.651,0.556,0.524,0.492,0.603,0.635,0.619,0.635
235,0.571,0.651,0.603,0.571,0.571,0.651,0.667,0.571,0.571,0.603
236,0.54,0.635,0.667,0.651,0.635,0.651,0.635,0.651,0.635,0.635
237,0.619,0.524,0.556,0.651,0.635,0.667,0.619,0.587,0.587,0.603
238,0.635,0.619,0.571,0.587,0.619,0.54,0.54,0.524,0.524,0.524
239,0.587,0.683,0.667,0.619,0.619,0.667,0.635,0.619,0.651,0.651
240,0.524,0.524,0.571,0.603,0.587,0.571,0.571,0.587,0.587,0.571
241,0.571,0.603,0.651,0.635,0.619,0.635,0.667,0.635,0.635,0.635
242,0.524,0.603,0.683,0.667,0.651,0.698,0.698,0.619,0.587,0.603
243,0.667,0.651,0.698,0.698,0.683,0.683,0.635,0.667,0.667,0.651
244,0.587,0.587,0.603,0.619,0.619,0.651,0.603,0.667,0.635,0.619
245,0.619,0.619,0.603,0.587,0.635,0.651,0.667,0.651,0.587,0.603
246,0.587,0.651,0.603,0.587,0.635,0.683,0.683,0.714,0.683,0.698
247,0.413,0.556,0.571,0.556,0.603,0.556,0.603,0.587,0.54,0.524
248,0.571,0.635,0.635,0.603,0.651,0.635,0.651,0.603,0.619,0.635
249,0.587,0.508,0.492,0.587,0.54,0.556,0.571,0.571,0.54,0.524
250,0.619,0.603,0.651,0.667,0.635,0.683,0.667,0.651,0.619,0.587
251,0.571,0.619,0.587,0.635,0.619,0.619,0.556,0.603,0.603,0.619
252,0.492,0.571,0.571,0.587,0.587,0.619,0.587,0.587,0.556,0.556
253,0.571,0.683,0.587,0.54,0.54,0.508,0.571,0.556,0.603,0.571
254,0.619,0.587,0.635,0.651,0.698,0.714,0.603,0.635,0.667,0.683
255,0.667,0.651,0.619,0.683,0.698,0.683,0.73,0.714,0.714,0.683
256,0.587,0.508,0.476,0.508,0.508,0.556,0.556,0.54,0.508,0.54
257,0.603,0.556,0.651,0.603,0.619,0.603,0.635,0.603,0.571,0.556
258,0.603,0.619,0.587,0.54,0.524,0.54,0.571,0.556,0.587,0.587
259,0.603,0.54,0.524,0.571,0.603,0.619,0.587,0.571,0.651,0.651
260,0.635,0.603,0.619,0.635,0.619,0.587,0.667,0.667,0.54,0.54
261,0.476,0.667,0.667,0.603,0.619,0.635,0.619,0.619,0.635,0.635
262,0.571,0.571,0.587,0.635,0.683,0.619,0.603,0.54,0.492,0.492
263,0.492,0.556,0.556,0.667,0.651,0.683,0.619,0.651,0.651,0.667
264,0.508,0.54,0.571,0.619,0.619,0.667,0.667,0.603,0.587,0.587
265,0.556,0.651,0.619,0.603,0.619,0.587,0.556,0.524,0.54,0.524
266,0.508,0.571,0.619,0.635,0.556,0.635,0.619,0.619,0.635,0.619
267,0.587,0.54,0.571,0.603,0.603,0.587,0.571,0.571,0.603,0.587
268,0.556,0.54,0.603,0.635,0.619,0.651,0.683,0.667,0.667,0.683
269,0.603,0.603,0.571,0.524,0.556,0.587,0.651,0.667,0.683,0.698
270,0.54,0.587,0.619,0.635,0.635,0.619,0.698,0.635,0.635,0.651
271,0.492,0.556,0.571,0.587,0.603,0.651,0.603,0.603,0.587,0.603
272,0.603,0.571,0.587,0.635,0.667,0.667,0.619,0.603,0.571,0.556
273,0.413,0.635,0.73,0.778,0.762,0.73,0.651,0.667,0.667,0.635
274,0.603,0.54,0.524,0.556,0.587,0.635,0.556,0.556,0.524,0.508
275,0.556,0.508,0.508,0.571,0.603,0.571,0.556,0.524,0.492,0.524
276,0.603,0.667,0.651,0.619,0.667,0.714,0.683,0.698,0.683,0.683
277,0.492,0.571,0.619,0.619,0.635,0.651,0.635,0.635,0.619,0.651
278,0.635,0.746,0.73,0.698,0.667,0.635,0.619,0.651,0.603,0.603
279,0.556,0.635,0.635,0.619,0.635,0.714,0.651,0.651,0.683,0.667
280,0.571,0.651,0.683,0.73,0.714,0.714,0.746,0.73,0.73,0.746
281,0.54,0.603,0.587,0.635,0.635,0.651,0.651,0.651,0.683,0.651
282,0.571,0.603,0.587,0.556,0.571,0.603,0.635,0.635,0.635,0.619
283,0.619,0.492,0.508,0.571,0.587,0.603,0.635,0.603,0.556,0.54
284,0.603,0.651,0.698,0.73,0.714,0.714,0.714,0.73,0.73,0.698
285,0.492,0.54,0.587,0.635,0.651,0.651,0.556,0.556,0.603,0.603
286,0.571,0.571,0.571,0.54,0.556,0.556,0.587,0.571,0.556,0.556
287,0.587,0.556,0.587,0.603,0.635,0.667,0.651,0.635,0.603,0.619
288,0.603,0.683,0.714,0.667,0.667,0.762,0.683,0.698,0.651,0.651
289,0.556,0.635,0.571,0.54,0.556,0.587,0.619,0.635,0.619,0.619
290,0.571,0.54,0.571,0.587,0.571,0.587,0.619,0.54,0.524,0.508
291,0.635,0.635,0.635,0.683,0.683,0.651,0.651,0.619,0.619,0.619
292,0.556,0.524,0.492,0.54,0.556,0.524,0.508,0.476,0.492,0.508
293,0.587,0.619,0.635,0.635,0.651,0.667,0.556,0.603,0.635,0.683
294,0.54,0.651,0.635,0.635,0.603,0.635,0.603,0.587,0.571,0.571
295,0.524,0.524,0.54,0.556,0.54,0.587,0.603,0.571,0.571,0.556
296,0.556,0.667,0.603,0.619,0.635,0.651,0.651,0.619,0.619,0.619
297,0.54,0.603,0.603,0.635,0.619,0.603,0.635,0.619,0.603,0.603
298,0.429,0.492,0.524,0.54,0.556,0.524,0.492,0.524,0.476,0.492
299,0.603,0.635,0.587,0.635,0.619,0.651,0.603,0.571,0.524,0.54
300,0.651,0.587,0.603,0.651,0.619,0.619,0.651,0.651,0.651,0.651
301,0.571,0.587,0.587,0.571,0.587,0.619,0.619,0.619,0.651,0.651
302,0.635,0.667,0.683,0.714,0.683,0.73,0.698,0.683,0.667,0.651
303,0.492,0.635,0.587,0.54,0.524,0.524,0.571,0.603,0.603,0.587
304,0.571,0.651,0.603,0.635,0.603,0.556,0.524,0.508,0.508,0.524
305,0.603,0.651,0.698,0.635,0.635,0.667,0.667,0.698,0.667,0.667
306,0.524,0.635,0.698,0.635,0.635,0.635,0.635,0.571,0.587,0.587
307,0.571,0.635,0.651,0.667,0.683,0.698,0.778,0.73,0.698,0.698
308,0.571,0.556,0.571,0.556,0.587,0.587,0.571,0.587,0.587,0.603
309,0.587,0.667,0.651,0.556,0.54,0.603,0.587,0.571,0.571,0.587
310,0.571,0.651,0.651,0.619,0.619,0.651,0.619,0.571,0.571,0.587
311,0.556,0.73,0.714,0.683,0.683,0.683,0.619,0.619,0.619,0.619
312,0.492,0.651,0.619,0.635,0.603,0.54,0.619,0.635,0.619,0.635
313,0.635,0.619,0.635,0.651,0.635,0.619,0.619,0.667,0.651,0.635
314,0.476,0.635,0.619,0.619,0.619,0.603,0.635,0.603,0.651,0.651
315,0.556,0.619,0.683,0.651,0.635,0.619,0.571,0.571,0.587,0.603
316,0.476,0.571,0.603,0.587,0.571,0.619,0.619,0.619,0.603,0.619
317,0.556,0.46,0.444,0.476,0.508,0.54,0.54,0.46,0.508,0.492
318,0.556,0.603,0.587,0.635,0.651,0.635,0.587,0.603,0.635,0.635
319,0.556,0.571,0.619,0.619,0.619,0.619,0.635,0.635,0.603,0.619
320,0.54,0.778,0.762,0.746,0.714,0.714,0.667,0.698,0.698,0.698
321,0.508,0.651,0.683,0.683,0.698,0.683,0.651,0.651,0.587,0.587
322,0.524,0.556,0.619,0.698,0.683,0.667,0.587,0.651,0.635,0.619
323,0.587,0.698,0.714,0.619,0.619,0.667,0.683,0.714,0.73,0.698
324,0.556,0.667,0.651,0.698,0.714,0.714,0.635,0.619,0.587,0.587
325,0.54,0.54,0.587,0.587,0.587,0.651,0.698,0.683,0.651,0.635
326,0.524,0.683,0.698,0.698,0.667,0.651,0.571,0.587,0.619,0.603
327,0.54,0.556,0.54,0.587,0.619,0.603,0.587,0.492,0.508,0.508
328,0.571,0.635,0.698,0.714,0.746,0.698,0.651,0.603,0.635,0.651
329,0.667,0.698,0.667,0.667,0.635,0.698,0.73,0.667,0.667,0.667
330,0.619,0.619,0.587,0.619,0.635,0.603,0.587,0.571,0.587,0.571
331,0.508,0.603,0.603,0.619,0.683,0.698,0.683,0.667,0.619,0.619
332,0.667,0.619,0.619,0.635,0.619,0.635,0.635,0.603,0.603,0.587
333,0.54,0.571,0.556,0.556,0.571,0.54,0.619,0.556,0.556,0.556
334,0.619,0.683,0.619,0.635,0.603,0.54,0.603,0.635,0.667,0.651
335,0.603,0.603,0.587,0.667,0.603,0.587,0.603,0.619,0.667,0.667
336,0.524,0.54,0.54,0.635,0.635,0.619,0.603,0.587,0.524,0.524
337,0.603,0.651,0.651,0.635,0.651,0.667,0.587,0.508,0.46,0.476
338,0.571,0.651,0.651,0.587,0.587,0.698,0.635,0.651,0.587,0.603
339,0.524,0.587,0.587,0.635,0.683,0.619,0.619,0.571,0.556,0.571
340,0.54,0.603,0.603,0.635,0.635,0.619,0.619,0.603,0.635,0.603
341,0.571,0.54,0.492,0.476,0.476,0.524,0.587,0.524,0.476,0.444
342,0.635,0.635,0.603,0.603,0.635,0.587,0.571,0.556,0.524,0.54
343,0.587,0.651,0.603,0.571,0.556,0.571,0.587,0.556,0.556,0.54
344,0.587,0.619,0.619,0.619,0.619,0.635,0.667,0.651,0.635,0.619
345,0.587,0.635,0.603,0.619,0.635,0.635,0.667,0.683,0.698,0.683
346,0.635,0.651,0.651,0.635,0.619,0.714,0.683,0.667,0.635,0.635
347,0.508,0.603,0.603,0.619,0.603,0.603,0.603,0.587,0.571,0.556
348,0.524,0.603,0.571,0.587,0.603,0.619,0.667,0.635,0.587,0.587
349,0.619,0.603,0.603,0.651,0.667,0.635,0.698,0.683,0.635,0.635
350,0.619,0.635,0.619,0.571,0.603,0.667,0.698,0.73,0.667,0.619
351,0.508,0.603,0.635,0.635,0.651,0.698,0.73,0.683,0.635,0.651
352,0.635,0.698,0.714,0.698,0.683,0.73,0.73,0.714,0.698,0.683
353,0.619,0.698,0.714,0.683,0.667,0.73,0.714,0.698,0.651,0.667
354,0.508,0.492,0.508,0.524,0.508,0.54,0.571,0.524,0.556,0.54
355,0.54,0.587,0.508,0.54,0.556,0.54,0.571,0.603,0.603,0.603
356,0.54,0.587,0.571,0.603,0.587,0.619,0.603,0.635,0.635,0.619
357,0.603,0.603,0.587,0.556,0.556,0.571,0.635,0.587,0.556,0.556
358,0.603,0.635,0.619,0.683,0.762,0.73,0.746,0.635,0.571,0.571
359,0.683,0.635,0.651,0.762,0.698,0.683,0.635,0.635,0.635,0.635
360,0.571,0.587,0.683,0.746,0.73,0.73,0.683,0.683,0.73,0.714
361,0.524,0.571,0.54,0.46,0.46,0.476,0.492,0.524,0.508,0.492
362,0.54,0.667,0.698,0.635,0.635,0.698,0.635,0.683,0.667,0.667
363,0.619,0.683,0.667,0.683,0.73,0.746,0.746,0.746,0.714,0.73
364,0.635,0.571,0.571,0.635,0.635,0.603,0.619,0.603,0.603,0.651
365,0.556,0.635,0.667,0.667,0.683,0.714,0.683,0.667,0.667,0.667
366,0.635,0.651,0.635,0.619,0.619,0.651,0.651,0.698,0.698,0.683
367,0.587,0.651,0.619,0.667,0.667,0.651,0.587,0.619,0.635,0.635
368,0.571,0.683,0.683,0.73,0.73,0.73,0.746,0.746,0.714,0.73
369,0.508,0.73,0.651,0.635,0.651,0.651,0.635,0.619,0.556,0.571
370,0.651,0.603,0.667,0.714,0.683,0.714,0.714,0.683,0.635,0.651
371,0.524,0.619,0.556,0.571,0.508,0.619,0.635,0.651,0.619,0.619
372,0.571,0.667,0.698,0.683,0.683,0.698,0.603,0.635,0.698,0.698
373,0.508,0.587,0.587,0.603,0.524,0.619,0.556,0.54,0.54,0.524
374,0.587,0.587,0.571,0.587,0.587,0.603,0.683,0.651,0.619,0.619
375,0.571,0.619,0.667,0.73,0.667,0.698,0.651,0.667,0.635,0.619
376,0.492,0.651,0.683,0.714,0.698,0.683,0.651,0.651,0.635,0.635
377,0.635,0.635,0.587,0.619,0.603,0.587,0.603,0.571,0.619,0.587
378,0.54,0.571,0.571,0.619,0.603,0.651,0.619,0.635,0.683,0.667
379,0.571,0.619,0.651,0.651,0.698,0.635,0.667,0.683,0.635,0.619
380,0.492,0.524,0.571,0.571,0.556,0.603,0.587,0.635,0.635,0.635
381,0.492,0.571,0.587,0.571,0.556,0.556,0.619,0.667,0.619,0.635
382,0.54,0.667,0.651,0.651,0.667,0.683,0.619,0.635,0.635,0.619
383,0.492,0.556,0.619,0.587,0.603,0.603,0.587,0.587,0.603,0.587
384,0.603,0.571,0.587,0.635,0.603,0.603,0.619,0.635,0.587,0.587
385,0.508,0.476,0.54,0.587,0.603,0.603,0.587,0.619,0.603,0.603
386,0.54,0.587,0.651,0.635,0.651,0.619,0.603,0.587,0.587,0.619
387,0.587,0.571,0.603,0.603,0.619,0.619,0.603,0.587,0.587,0.571
388,0.587,0.683,0.667,0.635,0.683,0.667,0.635,0.651,0.651,0.651
389,0.587,0.556,0.587,0.651,0.667,0.667,0.683,0.667,0.619,0.619
390,0.635,0.683,0.635,0.619,0.635,0.635,0.635,0.651,0.651,0.651
391,0.651,0.667,0.698,0.746,0.746,0.73,0.746,0.667,0.667,0.651
392,0.571,0.571,0.619,0.587,0.587,0.635,0.683,0.651,0.635,0.635
393,0.571,0.683,0.667,0.651,0.635,0.746,0.73,0.683,0.651,0.635
394,0.556,0.524,0.587,0.587,0.571,0.651,0.698,0.635,0.603,0.619
395,0.571,0.556,0.556,0.571,0.587,0.571,0.54,0.556,0.524,0.524
396,0.603,0.619,0.619,0.635,0.619,0.603,0.571,0.556,0.54,0.556
397,0.603,0.635,0.683,0.651,0.651,0.635,0.619,0.603,0.603,0.603
398,0.508,0.492,0.524,0.508,0.524,0.603,0.683,0.635,0.603,0.603
399,0.619,0.667,0.667,0.683,0.714,0.698,0.635,0.667,0.714,0.698
400,0.603,0.587,0.587,0.635,0.635,0.667,0.603,0.619,0.651,0.635
401,0.587,0.619,0.635,0.651,0.635,0.698,0.635,0.651,0.635,0.635
402,0.571,0.635,0.683,0.651,0.651,0.683,0.746,0.714,0.683,0.698
403,0.54,0.571,0.54,0.587,0.571,0.619,0.619,0.667,0.587,0.556
404,0.54,0.667,0.667,0.619,0.603,0.683,0.698,0.651,0.635,0.635
405,0.603,0.635,0.603,0.571,0.619,0.635,0.603,0.571,0.556,0.571
406,0.587,0.603,0.619,0.651,0.651,0.683,0.651,0.619,0.619,0.587
407,0.54,0.571,0.603,0.667,0.651,0.698,0.619,0.667,0.603,0.603
408,0.635,0.635,0.619,0.619,0.651,0.651,0.635,0.619,0.619,0.619
409,0.508,0.54,0.587,0.587,0.619,0.556,0.587,0.603,0.587,0.587
410,0.635,0.714,0.714,0.714,0.683,0.698,0.698,0.683,0.667,0.667
411,0.587,0.651,0.635,0.714,0.746,0.667,0.667,0.667,0.587,0.571
412,0.556,0.619,0.619,0.635,0.603,0.651,0.683,0.651,0.619,0.619
413,0.556,0.508,0.587,0.635,0.651,0.667,0.683,0.683,0.635,0.635
414,0.508,0.444,0.524,0.571,0.54,0.571,0.587,0.54,0.54,0.54
415,0.587,0.524,0.54,0.571,0.587,0.587,0.635,0.524,0.508,0.508
416,0.603,0.556,0.635,0.619,0.635,0.587,0.587,0.587,0.635,0.635
417,0.571,0.571,0.587,0.651,0.651,0.619,0.651,0.571,0.603,0.603
418,0.54,0.524,0.571,0.619,0.603,0.619,0.619,0.635,0.603,0.603
419,0.556,0.603,0.603,0.54,0.556,0.571,0.651,0.651,0.619,0.635
420,0.619,0.524,0.556,0.635,0.619,0.603,0.619,0.603,0.556,0.556
421,0.635,0.619,0.603,0.587,0.587,0.587,0.619,0.54,0.556,0.54
422,0.46,0.444,0.508,0.54,0.524,0.556,0.54,0.524,0.524,0.524
423,0.571,0.619,0.571,0.556,0.508,0.587,0.635,0.603,0.54,0.54
424,0.54,0.619,0.635,0.619,0.635,0.635,0.619,0.619,0.603,0.603
425,0.587,0.571,0.54,0.556,0.571,0.571,0.603,0.587,0.587,0.587
426,0.651,0.635,0.683,0.714,0.73,0.714,0.683,0.667,0.683,0.683
427,0.635,0.635,0.667,0.746,0.698,0.714,0.683,0.651,0.651,0.651
428,0.54,0.54,0.587,0.587,0.635,0.556,0.54,0.524,0.508,0.508
429,0.603,0.571,0.651,0.651,0.714,0.698,0.667,0.619,0.587,0.556
430,0.587,0.635,0.635,0.714,0.73,0.73,0.73,0.698,0.683,0.651
431,0.54,0.603,0.603,0.635,0.635,0.619,0.603,0.556,0.54,0.556
432,0.54,0.651,0.667,0.667,0.651,0.667,0.667,0.635,0.635,0.635
433,0.619,0.619,0.603,0.587,0.587,0.603,0.587,0.587,0.54,0.54
434,0.476,0.492,0.603,0.571,0.619,0.619,0.587,0.556,0.571,0.571
435,0.508,0.54,0.619,0.619,0.619,0.651,0.651,0.619,0.603,0.619
436,0.571,0.587,0.603,0.683,0.667,0.698,0.667,0.619,0.571,0.571
437,0.587,0.492,0.492,0.476,0.508,0.54,0.587,0.556,0.556,0.524
438,0.54,0.54,0.571,0.556,0.54,0.635,0.651,0.651,0.619,0.635
439,0.524,0.571,0.571,0.556,0.556,0.587,0.571,0.508,0.492,0.492
440,0.619,0.603,0.603,0.508,0.508,0.508,0.54,0.571,0.571,0.556
441,0.46,0.492,0.492,0.556,0.571,0.508,0.524,0.571,0.587,0.587
442,0.524,0.524,0.571,0.603,0.619,0.587,0.603,0.556,0.492,0.492
443,0.651,0.587,0.619,0.619,0.635,0.667,0.73,0.698,0.698,0.714
444,0.524,0.508,0.492,0.571,0.587,0.603,0.603,0.603,0.603,0.571
445,0.587,0.683,0.698,0.746,0.746,0.698,0.651,0.651,0.619,0.603
446,0.571,0.556,0.556,0.619,0.603,0.619,0.556,0.556,0.556,0.556
447,0.571,0.651,0.651,0.683,0.667,0.683,0.746,0.667,0.683,0.683
448,0.508,0.571,0.587,0.635,0.683,0.683,0.683,0.667,0.698,0.683
449,0.492,0.571,0.556,0.667,0.651,0.683,0.667,0.667,0.635,0.651
450,0.556,0.619,0.587,0.619,0.635,0.667,0.603,0.619,0.651,0.651
451,0.571,0.603,0.556,0.587,0.603,0.603,0.683,0.619,0.571,0.54
452,0.571,0.619,0.635,0.619,0.651,0.667,0.683,0.698,0.651,0.635
453,0.556,0.556,0.571,0.635,0.651,0.667,0.635,0.587,0.556,0.556
454,0.476,0.54,0.571,0.603,0.635,0.571,0.54,0.54,0.54,0.556
455,0.587,0.635,0.667,0.619,0.635,0.635,0.635,0.667,0.667,0.667
456,0.571,0.508,0.444,0.524,0.508,0.524,0.524,0.54,0.46,0.46
457,0.46,0.571,0.619,0.635,0.667,0.667,0.619,0.635,0.651,0.635
458,0.587,0.556,0.556,0.556,0.603,0.603,0.571,0.508,0.571,0.571
459,0.603,0.556,0.603,0.587,0.524,0.556,0.556,0.54,0.587,0.571
460,0.603,0.603,0.651,0.635,0.651,0.667,0.635,0.619,0.587,0.571
461,0.556,0.619,0.619,0.635,0.635,0.651,0.587,0.635,0.651,0.651
462,0.54,0.571,0.619,0.571,0.54,0.556,0.603,0.556,0.571,0.587
463,0.492,0.476,0.524,0.54,0.571,0.587,0.571,0.524,0.524,0.54
464,0.476,0.46,0.476,0.571,0.587,0.54,0.556,0.524,0.556,0.508
465,0.524,0.587,0.635,0.651,0.635,0.603,0.667,0.651,0.587,0.571
466,0.571,0.571,0.524,0.524,0.571,0.54,0.571,0.54,0.524,0.524
467,0.683,0.619,0.603,0.619,0.619,0.635,0.635,0.651,0.619,0.603
468,0.571,0.508,0.571,0.571,0.603,0.603,0.603,0.571,0.556,0.54
469,0.587,0.619,0.619,0.651,0.651,0.635,0.651,0.667,0.635,0.635
470,0.603,0.683,0.667,0.635,0.556,0.651,0.683,0.667,0.635,0.635
471,0.587,0.651,0.603,0.571,0.587,0.587,0.571,0.556,0.587,0.587
472,0.667,0.603,0.667,0.683,0.667,0.714,0.619,0.619,0.619,0.603
473,0.603,0.587,0.571,0.571,0.571,0.571,0.54,0.508,0.429,0.46
474,0.587,0.619,0.587,0.524,0.54,0.587,0.571,0.603,0.619,0.619
475,0.619,0.714,0.714,0.73,0.698,0.698,0.651,0.635,0.587,0.603
476,0.524,0.556,0.603,0.603,0.651,0.635,0.603,0.571,0.524,0.54
477,0.587,0.619,0.619,0.619,0.619,0.698,0.714,0.667,0.651,0.619
478,0.698,0.587,0.619,0.651,0.635,0.587,0.651,0.619,0.635,0.619
479,0.619,0.651,0.571,0.587,0.587,0.619,0.603,0.619,0.603,0.587
480,0.667,0.587,0.524,0.587,0.587,0.619,0.619,0.54,0.571,0.571
481,0.571,0.556,0.524,0.556,0.571,0.556,0.587,0.587,0.54,0.556
482,0.619,0.556,0.476,0.508,0.524,0.54,0.524,0.524,0.46,0.46
483,0.571,0.587,0.667,0.619,0.619,0.683,0.698,0.73,0.714,0.714
484,0.571,0.667,0.667,0.635,0.667,0.651,0.667,0.651,0.667,0.667
485,0.476,0.571,0.571,0.556,0.54,0.476,0.476,0.492,0.476,0.508
486,0.603,0.651,0.683,0.683,0.635,0.698,0.683,0.619,0.587,0.587
487,0.667,0.587,0.635,0.651,0.619,0.651,0.571,0.619,0.571,0.603
488,0.587,0.587,0.619,0.571,0.587,0.619,0.698,0.619,0.603,0.603
489,0.508,0.635,0.619,0.683,0.698,0.714,0.698,0.651,0.587,0.603
490,0.556,0.714,0.698,0.651,0.651,0.698,0.683,0.635,0.651,0.635
491,0.571,0.619,0.619,0.635,0.651,0.667,0.667,0.683,0.667,0.683
492,0.508,0.619,0.603,0.587,0.587,0.619,0.635,0.603,0.619,0.619
493,0.54,0.571,0.556,0.651,0.651,0.651,0.571,0.571,0.571,0.556
494,0.603,0.603,0.603,0.619,0.635,0.651,0.603,0.635,0.651,0.635
495,0.619,0.603,0.556,0.556,0.508,0.587,0.587,0.571,0.54,0.556
496,0.587,0.651,0.651,0.683,0.683,0.698,0.683,0.667,0.651,0.651
497,0.619,0.587,0.619,0.651,0.635,0.635,0.587,0.556,0.524,0.54
498,0.683,0.635,0.651,0.651,0.667,0.698,0.698,0.635,0.635,0.635
499,0.54,0.651,0.603,0.54,0.508,0.508,0.714,0.667,0.667,0.651
500,0.556,0.619,0.635,0.683,0.73,0.714,0.683,0.651,0.635,0.651
501,0.571,0.635,0.667,0.651,0.651,0.651,0.587,0.587,0.587,0.571
502,0.587,0.571,0.571,0.619,0.587,0.603,0.635,0.571,0.571,0.571
503,0.524,0.556,0.556,0.667,0.619,0.651,0.571,0.524,0.54,0.54
504,0.587,0.556,0.54,0.556,0.556,0.556,0.587,0.571,0.54,0.556
505,0.603,0.571,0.571,0.571,0.54,0.571,0.651,0.651,0.603,0.603
506,0.54,0.54,0.556,0.571,0.603,0.587,0.587,0.635,0.587,0.587
507,0.635,0.603,0.635,0.603,0.619,0.651,0.603,0.587,0.571,0.603
508,0.587,0.54,0.603,0.619,0.571,0.683,0.698,0.603,0.603,0.619
509,0.587,0.54,0.54,0.603,0.587,0.54,0.54,0.524,0.54,0.524
510,0.54,0.556,0.667,0.667,0.603,0.603,0.571,0.603,0.587,0.571
511,0.556,0.683,0.683,0.714,0.714,0.635,0.603,0.619,0.603,0.603
512,0.571,0.603,0.603,0.587,0.603,0.635,0.587,0.524,0.508,0.492
513,0.587,0.508,0.508,0.54,0.556,0.54,0.54,0.524,0.508,0.508
514,0.603,0.651,0.635,0.651,0.635,0.667,0.635,0.635,0.619,0.619
515,0.571,0.73,0.667,0.698,0.683,0.714,0.714,0.762,0.73,0.714
516,0.603,0.571,0.571,0.587,0.619,0.619,0.587,0.603,0.619,0.619
517,0.492,0.508,0.556,0.556,0.603,0.603,0.603,0.603,0.587,0.587
518,0.524,0.571,0.587,0.619,0.603,0.651,0.683,0.667,0.619,0.635
519,0.619,0.603,0.571,0.603,0.603,0.667,0.603,0.587,0.556,0.556
520,0.587,0.603,0.571,0.619,0.603,0.603,0.587,0.571,0.508,0.508
521,0.54,0.619,0.603,0.603,0.603,0.571,0.54,0.54,0.524,0.524
522,0.571,0.603,0.571,0.587,0.587,0.587,0.556,0.571,0.587,0.556
523,0.698,0.778,0.746,0.73,0.714,0.73,0.651,0.651,0.651,0.635
524,0.524,0.492,0.524,0.54,0.54,0.54,0.556,0.524,0.524,0.524
525,0.571,0.556,0.587,0.587,0.587,0.571,0.54,0.556,0.556,0.556
526,0.603,0.73,0.683,0.683,0.698,0.683,0.667,0.619,0.603,0.603
527,0.635,0.651,0.635,0.683,0.683,0.667,0.73,0.714,0.635,0.619
528,0.413,0.651,0.714,0.667,0.619,0.619,0.619,0.683,0.667,0.667
529,0.556,0.556,0.587,0.54,0.556,0.635,0.698,0.714,0.683,0.683
530,0.492,0.508,0.524,0.476,0.492,0.54,0.619,0.603,0.587,0.54
531,0.54,0.651,0.683,0.667,0.667,0.651,0.619,0.603,0.587,0.603
532,0.508,0.714,0.619,0.587,0.556,0.571,0.556,0.587,0.587,0.571
533,0.73,0.746,0.73,0.714,0.683,0.698,0.667,0.698,0.714,0.698
534,0.508,0.571,0.603,0.619,0.603,0.619,0.619,0.587,0.587,0.571
535,0.635,0.619,0.667,0.714,0.73,0.698,0.667,0.635,0.587,0.587
536,0.476,0.619,0.587,0.603,0.587,0.619,0.603,0.619,0.603,0.603
537,0.571,0.635,0.651,0.619,0.619,0.587,0.603,0.571,0.603,0.587
538,0.651,0.603,0.571,0.54,0.556,0.587,0.587,0.571,0.587,0.571
539,0.635,0.619,0.667,0.698,0.683,0.714,0.667,0.619,0.603,0.587
540,0.762,0.714,0.746,0.73,0.73,0.762,0.73,0.714,0.714,0.714
541,0.54,0.603,0.571,0.619,0.635,0.619,0.587,0.587,0.571,0.556
542,0.619,0.571,0.556,0.571,0.603,0.603,0.587,0.571,0.524,0.54
543,0.603,0.587,0.619,0.635,0.651,0.619,0.619,0.635,0.571,0.571
544,0.571,0.556,0.587,0.635,0.651,0.667,0.651,0.619,0.587,0.587
545,0.508,0.603,0.683,0.619,0.635,0.54,0.54,0.587,0.603,0.619
546,0.603,0.603,0.571,0.587,0.587,0.571,0.635,0.651,0.619,0.635
547,0.429,0.603,0.619,0.603,0.603,0.619,0.603,0.603,0.571,0.571
548,0.54,0.651,0.635,0.683,0.683,0.683,0.635,0.635,0.651,0.651
549,0.46,0.619,0.635,0.635,0.635,0.667,0.683,0.651,0.587,0.587
550,0.556,0.556,0.508,0.492,0.492,0.556,0.619,0.571,0.571,0.556
551,0.524,0.587,0.603,0.571,0.587,0.571,0.571,0.556,0.556,0.571
552,0.556,0.571,0.619,0.571,0.571,0.603,0.571,0.556,0.556,0.571
553,0.587,0.587,0.571,0.54,0.571,0.619,0.667,0.556,0.476,0.492
554,0.651,0.667,0.683,0.667,0.667,0.651,0.714,0.667,0.635,0.635
555,0.556,0.635,0.635,0.651,0.635,0.635,0.635,0.651,0.651,0.651
556,0.524,0.556,0.587,0.619,0.603,0.651,0.603,0.556,0.54,0.556
557,0.651,0.762,0.698,0.714,0.683,0.698,0.746,0.698,0.667,0.651
558,0.54,0.571,0.651,0.746,0.698,0.746,0.683,0.746,0.714,0.698
559,0.619,0.667,0.698,0.683,0.667,0.698,0.698,0.683,0.635,0.603
560,0.603,0.571,0.619,0.619,0.667,0.667,0.603,0.508,0.571,0.54
561,0.635,0.635,0.635,0.54,0.508,0.476,0.571,0.587,0.54,0.54
562,0.508,0.524,0.571,0.54,0.54,0.635,0.635,0.603,0.635,0.635
563,0.524,0.651,0.635,0.651,0.619,0.603,0.683,0.698,0.635,0.635
564,0.54,0.587,0.571,0.508,0.492,0.54,0.571,0.603,0.571,0.603
565,0.667,0.635,0.587,0.667,0.667,0.635,0.635,0.603,0.619,0.619
566,0.619,0.635,0.635,0.651,0.651,0.667,0.651,0.651,0.619,0.619
567,0.524,0.619,0.698,0.667,0.683,0.698,0.683,0.698,0.714,0.698
568,0.603,0.651,0.635,0.587,0.603,0.635,0.667,0.619,0.587,0.571
569,0.651,0.698,0.73,0.683,0.683,0.714,0.698,0.714,0.683,0.714
570,0.571,0.651,0.683,0.651,0.667,0.667,0.667,0.603,0.571,0.54
571,0.54,0.54,0.603,0.619,0.571,0.651,0.603,0.571,0.54,0.54
572,0.635,0.571,0.587,0.619,0.619,0.587,0.508,0.524,0.571,0.571
573,0.667,0.619,0.619,0.635,0.651,0.619,0.635,0.635,0.603,0.603
574,0.556,0.651,0.571,0.587,0.587,0.556,0.635,0.603,0.603,0.635
575,0.524,0.556,0.556,0.571,0.619,0.571,0.603,0.603,0.603,0.603
576,0.571,0.603,0.619,0.619,0.651,0.635,0.635,0.619,0.571,0.556
577,0.667,0.635,0.603,0.571,0.54,0.571,0.603,0.556,0.556,0.556
578,0.571,0.587,0.667,0.651,0.635,0.667,0.698,0.698,0.667,0.667
579,0.556,0.698,0.667,0.667,0.651,0.683,0.698,0.651,0.667,0.651
580,0.635,0.667,0.603,0.54,0.54,0.587,0.508,0.508,0.556,0.556
581,0.54,0.635,0.603,0.619,0.635,0.603,0.619,0.635,0.603,0.587
582,0.492,0.524,0.571,0.619,0.651,0.54,0.492,0.524,0.571,0.571
583,0.635,0.698,0.73,0.794,0.746,0.73,0.698,0.698,0.698,0.683
584,0.603,0.571,0.556,0.619,0.635,0.635,0.619,0.651,0.603,0.587
585,0.635,0.619,0.651,0.651,0.635,0.667,0.619,0.619,0.603,0.603
586,0.556,0.667,0.714,0.603,0.571,0.571,0.603,0.619,0.587,0.587
587,0.667,0.603,0.619,0.651,0.619,0.635,0.587,0.54,0.556,0.556
588,0.508,0.635,0.73,0.667,0.619,0.651,0.667,0.714,0.651,0.667
589,0.667,0.667,0.698,0.651,0.667,0.683,0.746,0.714,0.683,0.667
590,0.54,0.571,0.587,0.556,0.556,0.556,0.556,0.571,0.54,0.524
591,0.54,0.571,0.603,0.603,0.635,0.587,0.556,0.54,0.524,0.556
592,0.571,0.492,0.476,0.508,0.508,0.556,0.508,0.508,0.492,0.492
593,0.524,0.619,0.619,0.667,0.619,0.651,0.698,0.651,0.619,0.603
594,0.635,0.587,0.571,0.587,0.635,0.683,0.683,0.587,0.556,0.54
595,0.556,0.635,0.603,0.587,0.571,0.556,0.587,0.571,0.603,0.619
596,0.556,0.587,0.587,0.603,0.619,0.603,0.635,0.651,0.667,0.635
597,0.54,0.683,0.667,0.683,0.667,0.683,0.587,0.603,0.587,0.619
598,0.587,0.571,0.603,0.603,0.619,0.603,0.635,0.571,0.571,0.571
599,0.587,0.651,0.635,0.667,0.698,0.73,0.794,0.698,0.651,0.635
600,0.524,0.556,0.571,0.571,0.619,0.619,0.54,0.476,0.508,0.508
601,0.571,0.571,0.619,0.603,0.587,0.619,0.635,0.556,0.524,0.524
602,0.492,0.603,0.603,0.603,0.603,0.651,0.635,0.635,0.603,0.635
603,0.444,0.46,0.508,0.54,0.54,0.54,0.556,0.556,0.571,0.556
604,0.508,0.556,0.619,0.619,0.587,0.683,0.651,0.651,0.651,0.635
605,0.556,0.619,0.714,0.667,0.619,0.651,0.619,0.619,0.619,0.619
606,0.556,0.587,0.619,0.635,0.619,0.619,0.619,0.587,0.667,0.698
607,0.635,0.651,0.54,0.476,0.46,0.444,0.524,0.54,0.556,0.556
608,0.492,0.54,0.524,0.492,0.524,0.587,0.587,0.587,0.524,0.54
609,0.429,0.556,0.603,0.556,0.556,0.667,0.667,0.651,0.635,0.603
610,0.54,0.508,0.492,0.556,0.524,0.492,0.492,0.492,0.524,0.524
611,0.587,0.587,0.587,0.524,0.508,0.54,0.587,0.587,0.556,0.556
612,0.587,0.667,0.667,0.635,0.603,0.571,0.619,0.651,0.635,0.587
613,0.476,0.508,0.492,0.476,0.508,0.524,0.603,0.587,0.54,0.524
614,0.571,0.619,0.667,0.667,0.667,0.683,0.635,0.603,0.556,0.556
615,0.556,0.603,0.571,0.54,0.524,0.603,0.667,0.667,0.571,0.587
616,0.587,0.603,0.619,0.587,0.619,0.635,0.619,0.667,0.651,0.651
617,0.651,0.524,0.556,0.508,0.476,0.524,0.587,0.524,0.492,0.508
618,0.571,0.683,0.714,0.698,0.698,0.683,0.635,0.619,0.587,0.603
619,0.492,0.635,0.651,0.683,0.667,0.698,0.635,0.683,0.667,0.667
620,0.524,0.587,0.603,0.603,0.603,0.635,0.603,0.635,0.635,0.619
621,0.476,0.651,0.698,0.651,0.651,0.619,0.635,0.667,0.667,0.635
622,0.635,0.619,0.651,0.651,0.651,0.683,0.683,0.683,0.698,0.698
623,0.54,0.635,0.619,0.683,0.683,0.683,0.651,0.635,0.667,0.651
624,0.54,0.556,0.54,0.571,0.571,0.556,0.54,0.524,0.54,0.524
625,0.667,0.635,0.603,0.667,0.683,0.698,0.667,0.667,0.635,0.635
626,0.619,0.667,0.683,0.714,0.698,0.73,0.714,0.683,0.651,0.635
627,0.492,0.683,0.635,0.619,0.635,0.603,0.587,0.587,0.603,0.619
628,0.571,0.651,0.635,0.603,0.587,0.651,0.651,0.651,0.667,0.667
629,0.556,0.571,0.603,0.587,0.524,0.619,0.651,0.603,0.556,0.571
630,0.46,0.619,0.587,0.556,0.571,0.556,0.587,0.556,0.508,0.508
631,0.492,0.556,0.556,0.556,0.556,0.619,0.651,0.571,0.571,0.587
632,0.619,0.603,0.587,0.619,0.619,0.667,0.603,0.556,0.54,0.54
633,0.54,0.635,0.619,0.603,0.571,0.635,0.635,0.619,0.635,0.635
634,0.603,0.619,0.619,0.619,0.571,0.571,0.524,0.46,0.492,0.524
635,0.587,0.619,0.603,0.587,0.587,0.571,0.651,0.651,0.571,0.603
636,0.524,0.619,0.587,0.667,0.651,0.714,0.778,0.698,0.635,0.651
637,0.508,0.508,0.556,0.619,0.651,0.603,0.635,0.587,0.54,0.556
638,0.556,0.587,0.587,0.635,0.619,0.571,0.651,0.651,0.603,0.587
639,0.571,0.635,0.635,0.651,0.667,0.73,0.714,0.714,0.683,0.683
640,0.603,0.651,0.635,0.587,0.603,0.603,0.651,0.635,0.635,0.619
641,0.571,0.651,0.667,0.683,0.698,0.714,0.714,0.667,0.635,0.667
642,0.603,0.635,0.587,0.587,0.571,0.603,0.651,0.587,0.54,0.571
643,0.587,0.667,0.667,0.714,0.698,0.635,0.651,0.619,0.651,0.635
644,0.54,0.587,0.587,0.651,0.635,0.698,0.698,0.683,0.635,0.651
645,0.54,0.587,0.635,0.619,0.619,0.571,0.492,0.524,0.524,0.524
646,0.587,0.635,0.635,0.651,0.635,0.667,0.635,0.587,0.556,0.556
647,0.492,0.524,0.524,0.587,0.587,0.54,0.571,0.54,0.571,0.587
648,0.587,0.683,0.683,0.683,0.683,0.667,0.571,0.587,0.619,0.635
649,0.698,0.587,0.635,0.651,0.635,0.651,0.651,0.619,0.603,0.603
650,0.571,0.54,0.587,0.635,0.603,0.587,0.587,0.571,0.587,0.571
651,0.492,0.54,0.556,0.603,0.587,0.571,0.571,0.556,0.492,0.492
652,0.54,0.698,0.714,0.683,0.683,0.651,0.667,0.635,0.587,0.587
653,0.635,0.698,0.667,0.683,0.683,0.635,0.698,0.683,0.683,0.667
654,0.556,0.619,0.635,0.619,0.603,0.635,0.619,0.651,0.603,0.587
655,0.619,0.603,0.587,0.667,0.714,0.667,0.603,0.587,0.619,0.635
656,0.603,0.587,0.635,0.651,0.667,0.667,0.683,0.651,0.651,0.635
657,0.635,0.587,0.556,0.571,0.619,0.587,0.603,0.587,0.603,0.619
658,0.54,0.603,0.603,0.603,0.587,0.587,0.603,0.556,0.571,0.571
659,0.556,0.571,0.587,0.556,0.587,0.619,0.683,0.683,0.667,0.683
660,0.524,0.524,0.524,0.508,0.508,0.571,0.556,0.524,0.524,0.524
661,0.524,0.587,0.587,0.619,0.651,0.651,0.635,0.667,0.651,0.651
662,0.492,0.603,0.571,0.619,0.603,0.619,0.587,0.587,0.587,0.571
663,0.619,0.556,0.571,0.619,0.603,0.635,0.619,0.603,0.619,0.603
664,0.524,0.524,0.476,0.508,0.571,0.524,0.508,0.524,0.556,0.571
665,0.603,0.587,0.571,0.571,0.571,0.587,0.587,0.524,0.54,0.556
666,0.571,0.587,0.556,0.587,0.587,0.619,0.603,0.603,0.603,0.587
667,0.667,0.651,0.571,0.571,0.524,0.54,0.524,0.524,0.54,0.508
668,0.492,0.619,0.619,0.587,0.635,0.587,0.603,0.524,0.587,0.587
669,0.46,0.556,0.54,0.524,0.619,0.524,0.492,0.492,0.492,0.492
670,0.571,0.556,0.619,0.603,0.619,0.587,0.603,0.635,0.587,0.587
671,0.556,0.603,0.603,0.587,0.603,0.603,0.635,0.635,0.587,0.587
672,0.508,0.571,0.667,0.603,0.524,0.667,0.698,0.667,0.635,0.635
673,0.587,0.571,0.571,0.603,0.603,0.603,0.571,0.603,0.619,0.619
674,0.524,0.651,0.635,0.603,0.587,0.603,0.619,0.603,0.651,0.619
675,0.46,0.603,0.603,0.54,0.571,0.571,0.587,0.587,0.603,0.603
676,0.54,0.619,0.603,0.571,0.571,0.54,0.587,0.556,0.492,0.492
677,0.587,0.635,0.667,0.619,0.619,0.683,0.683,0.635,0.651,0.651
678,0.54,0.651,0.619,0.587,0.571,0.571,0.524,0.492,0.524,0.492
679,0.587,0.635,0.603,0.587,0.587,0.587,0.587,0.603,0.635,0.635
680,0.54,0.619,0.651,0.683,0.683,0.698,0.651,0.619,0.635,0.619
681,0.571,0.587,0.603,0.667,0.651,0.635,0.667,0.587,0.587,0.556
682,0.635,0.619,0.619,0.619,0.619,0.587,0.635,0.635,0.651,0.635
683,0.619,0.587,0.619,0.667,0.683,0.714,0.698,0.651,0.651,0.651
684,0.619,0.651,0.635,0.603,0.619,0.587,0.635,0.667,0.619,0.619
685,0.683,0.619,0.667,0.683,0.651,0.683,0.667,0.667,0.714,0.714
686,0.508,0.54,0.587,0.556,0.54,0.571,0.635,0.635,0.635,0.587
687,0.556,0.683,0.698,0.698,0.683,0.698,0.635,0.635,0.683,0.651
688,0.413,0.571,0.556,0.556,0.571,0.571,0.571,0.508,0.476,0.476
689,0.619,0.603,0.635,0.683,0.651,0.698,0.73,0.698,0.651,0.635
690,0.54,0.651,0.73,0.667,0.603,0.651,0.651,0.603,0.619,0.619
691,0.587,0.508,0.524,0.571,0.556,0.571,0.587,0.587,0.603,0.603
692,0.683,0.698,0.683,0.698,0.683,0.667,0.651,0.603,0.571,0.587
693,0.603,0.651,0.667,0.714,0.683,0.667,0.651,0.603,0.619,0.603
694,0.571,0.651,0.651,0.651,0.619,0.651,0.619,0.603,0.587,0.603
695,0.571,0.587,0.619,0.587,0.603,0.651,0.651,0.603,0.587,0.587
696,0.571,0.587,0.603,0.603,0.619,0.603,0.667,0.667,0.651,0.651
697,0.571,0.635,0.619,0.635,0.683,0.635,0.667,0.635,0.651,0.635
698,0.571,0.587,0.571,0.556,0.571,0.603,0.603,0.587,0.571,0.571
699,0.524,0.556,0.571,0.619,0.619,0.587,0.571,0.587,0.603,0.571
700,0.571,0.603,0.603,0.667,0.635,0.683,0.619,0.635,0.603,0.587
701,0.603,0.556,0.556,0.603,0.667,0.651,0.635,0.603,0.571,0.603
702,0.603,0.603,0.635,0.635,0.619,0.683,0.651,0.571,0.619,0.619
703,0.571,0.603,0.54,0.587,0.587,0.587,0.54,0.524,0.508,0.492
704,0.635,0.635,0.698,0.714,0.698,0.73,0.667,0.683,0.683,0.667
705,0.556,0.683,0.667,0.619,0.635,0.714,0.714,0.667,0.683,0.651
706,0.508,0.571,0.603,0.635,0.635,0.619,0.619,0.603,0.603,0.587
707,0.524,0.603,0.603,0.556,0.54,0.603,0.603,0.587,0.556,0.556
708,0.667,0.603,0.619,0.603,0.619,0.651,0.619,0.587,0.635,0.619
709,0.571,0.635,0.619,0.635,0.603,0.635,0.651,0.587,0.571,0.571
710,0.524,0.603,0.635,0.635,0.651,0.667,0.619,0.603,0.587,0.587
711,0.571,0.619,0.571,0.587,0.587,0.556,0.571,0.587,0.587,0.587
712,0.508,0.556,0.587,0.635,0.603,0.651,0.667,0.651,0.603,0.603
713,0.508,0.571,0.619,0.619,0.619,0.667,0.587,0.619,0.651,0.635
714,0.54,0.54,0.54,0.492,0.556,0.587,0.635,0.619,0.667,0.651
715,0.524,0.587,0.619,0.619,0.571,0.571,0.635,0.556,0.54,0.54
716,0.556,0.587,0.619,0.635,0.667,0.587,0.571,0.619,0.619,0.603
717,0.524,0.54,0.619,0.603,0.587,0.571,0.556,0.556,0.603,0.603
718,0.651,0.603,0.587,0.556,0.508,0.54,0.587,0.587,0.571,0.603
719,0.635,0.54,0.524,0.508,0.492,0.508,0.54,0.508,0.54,0.54
720,0.54,0.587,0.603,0.587,0.587,0.571,0.603,0.556,0.571,0.571
721,0.603,0.635,0.698,0.683,0.683,0.667,0.635,0.571,0.571,0.571
722,0.587,0.603,0.651,0.603,0.587,0.635,0.635,0.619,0.619,0.603
723,0.556,0.619,0.619,0.635,0.651,0.651,0.603,0.619,0.651,0.651
724,0.603,0.635,0.635,0.651,0.651,0.619,0.587,0.587,0.54,0.571
725,0.603,0.587,0.571,0.556,0.603,0.635,0.619,0.635,0.54,0.54
726,0.571,0.571,0.635,0.635,0.635,0.667,0.667,0.619,0.571,0.556
727,0.571,0.714,0.635,0.635,0.651,0.667,0.683,0.635,0.635,0.635
728,0.524,0.587,0.603,0.683,0.683,0.651,0.587,0.619,0.587,0.587
729,0.635,0.635,0.603,0.667,0.635,0.635,0.635,0.635,0.619,0.619
730,0.556,0.508,0.556,0.635,0.667,0.635,0.587,0.587,0.571,0.556
731,0.635,0.635,0.556,0.619,0.635,0.635,0.587,0.556,0.524,0.54
732,0.571,0.683,0.698,0.683,0.651,0.73,0.794,0.714,0.762,0.746
733,0.54,0.571,0.556,0.587,0.619,0.603,0.619,0.603,0.54,0.54
734,0.683,0.667,0.635,0.603,0.587,0.635,0.683,0.683,0.651,0.635
735,0.492,0.635,0.651,0.651,0.667,0.683,0.603,0.603,0.651,0.651
736,0.508,0.635,0.603,0.619,0.619,0.603,0.619,0.667,0.651,0.635
737,0.619,0.635,0.619,0.603,0.619,0.635,0.667,0.619,0.667,0.667
738,0.571,0.698,0.73,0.698,0.683,0.619,0.571,0.556,0.556,0.556
739,0.698,0.587,0.556,0.571,0.603,0.603,0.619,0.603,0.571,0.571
740,0.619,0.667,0.714,0.651,0.667,0.714,0.778,0.683,0.714,0.714
741,0.651,0.587,0.587,0.635,0.635,0.651,0.603,0.587,0.603,0.603
742,0.603,0.667,0.698,0.667,0.651,0.635,0.619,0.603,0.619,0.635
743,0.587,0.571,0.556,0.571,0.587,0.571,0.587,0.556,0.556,0.54
744,0.524,0.508,0.524,0.556,0.54,0.54,0.524,0.524,0.556,0.54
745,0.619,0.603,0.635,0.651,0.619,0.619,0.667,0.619,0.587,0.587
746,0.508,0.619,0.619,0.587,0.603,0.603,0.635,0.635,0.603,0.603
747,0.698,0.508,0.571,0.603,0.619,0.587,0.54,0.54,0.587,0.571
748,0.635,0.587,0.571,0.571,0.571,0.587,0.587,0.54,0.524,0.524
749,0.54,0.524,0.587,0.619,0.651,0.698,0.651,0.651,0.619,0.619
750,0.619,0.635,0.635,0.556,0.603,0.651,0.603,0.603,0.603,0.603
751,0.556,0.635,0.635,0.667,0.651,0.603,0.603,0.571,0.635,0.635
752,0.508,0.492,0.476,0.524,0.54,0.54,0.492,0.492,0.476,0.46
753,0.524,0.603,0.635,0.619,0.556,0.603,0.651,0.619,0.619,0.587
754,0.603,0.619,0.683,0.603,0.603,0.619,0.619,0.667,0.635,0.635
755,0.619,0.73,0.635,0.603,0.603,0.603,0.587,0.619,0.556,0.556
756,0.524,0.603,0.571,0.571,0.556,0.54,0.476,0.524,0.524,0.524
757,0.603,0.794,0.746,0.73,0.746,0.73,0.73,0.698,0.667,0.667
758,0.619,0.667,0.698,0.698,0.698,0.714,0.587,0.635,0.619,0.619
759,0.524,0.651,0.651,0.683,0.698,0.746,0.667,0.651,0.683,0.714
760,0.54,0.444,0.365,0.429,0.444,0.476,0.476,0.444,0.444,0.444
761,0.619,0.556,0.587,0.603,0.603,0.603,0.651,0.635,0.603,0.603
762,0.571,0.571,0.571,0.651,0.651,0.635,0.587,0.571,0.571,0.556
763,0.508,0.651,0.667,0.603,0.619,0.698,0.683,0.651,0.714,0.683
764,0.524,0.619,0.635,0.635,0.635,0.667,0.698,0.683,0.635,0.603
765,0.587,0.571,0.571,0.571,0.571,0.54,0.587,0.603,0.571,0.556
766,0.587,0.571,0.587,0.587,0.603,0.603,0.587,0.54,0.54,0.54
767,0.508,0.619,0.619,0.635,0.651,0.635,0.651,0.667,0.667,0.667
768,0.571,0.683,0.683,0.714,0.619,0.635,0.635,0.635,0.603,0.603
769,0.635,0.619,0.587,0.603,0.571,0.619,0.619,0.635,0.587,0.619
770,0.635,0.714,0.73,0.714,0.714,0.698,0.651,0.619,0.619,0.587
771,0.587,0.619,0.587,0.571,0.571,0.587,0.619,0.587,0.587,0.556
772,0.54,0.603,0.619,0.587,0.619,0.587,0.619,0.651,0.635,0.635
773,0.603,0.587,0.571,0.603,0.587,0.603,0.635,0.651,0.651,0.683
774,0.571,0.635,0.683,0.619,0.619,0.635,0.635,0.619,0.619,0.651
775,0.524,0.508,0.54,0.54,0.556,0.587,0.635,0.619,0.603,0.603
776,0.603,0.698,0.603,0.571,0.54,0.603,0.651,0.619,0.587,0.571
777,0.492,0.556,0.603,0.683,0.683,0.667,0.619,0.619,0.635,0.635
778,0.476,0.587,0.603,0.619,0.619,0.603,0.587,0.587,0.587,0.603
779,0.571,0.556,0.603,0.603,0.603,0.556,0.603,0.54,0.556,0.571
780,0.698,0.587,0.556,0.54,0.492,0.556,0.571,0.571,0.556,0.587
781,0.635,0.54,0.556,0.524,0.54,0.571,0.635,0.571,0.54,0.524
782,0.619,0.556,0.587,0.556,0.556,0.587,0.571,0.587,0.587,0.587
783,0.571,0.556,0.54,0.556,0.619,0.556,0.603,0.571,0.508,0.508
784,0.619,0.762,0.778,0.762,0.746,0.714,0.714,0.667,0.667,0.651
785,0.492,0.54,0.619,0.635,0.667,0.698,0.651,0.651,0.635,0.635
786,0.508,0.556,0.603,0.587,0.587,0.619,0.619,0.587,0.556,0.54
787,0.54,0.603,0.619,0.667,0.603,0.556,0.587,0.603,0.635,0.635
788,0.508,0.571,0.603,0.571,0.619,0.587,0.587,0.556,0.571,0.556
789,0.603,0.556,0.603,0.556,0.587,0.587,0.556,0.603,0.587,0.571
790,0.54,0.508,0.524,0.54,0.571,0.571,0.54,0.524,0.571,0.571
791,0.603,0.667,0.667,0.651,0.651,0.683,0.698,0.635,0.667,0.651
792,0.635,0.683,0.698,0.651,0.683,0.714,0.714,0.714,0.667,0.667
793,0.587,0.635,0.651,0.698,0.683,0.667,0.603,0.635,0.619,0.635
794,0.587,0.698,0.698,0.714,0.714,0.73,0.651,0.667,0.635,0.635
795,0.571,0.635,0.619,0.603,0.603,0.619,0.651,0.635,0.619,0.619
796,0.571,0.603,0.571,0.619,0.603,0.667,0.698,0.635,0.651,0.651
797,0.508,0.635,0.667,0.651,0.667,0.683,0.667,0.635,0.603,0.619
798,0.556,0.603,0.587,0.635,0.651,0.651,0.603,0.619,0.603,0.603
799,0.635,0.54,0.603,0.603,0.667,0.587,0.556,0.603,0.619,0.587
800,0.635,0.683,0.651,0.635,0.667,0.667,0.698,0.683,0.635,0.635
801,0.587,0.571,0.587,0.619,0.587,0.651,0.683,0.667,0.667,0.651
802,0.587,0.54,0.556,0.571,0.571,0.603,0.571,0.54,0.54,0.556
803,0.619,0.571,0.651,0.571,0.556,0.508,0.587,0.571,0.587,0.603
804,0.587,0.556,0.524,0.556,0.587,0.603,0.635,0.619,0.603,0.603
805,0.635,0.667,0.667,0.698,0.698,0.73,0.603,0.587,0.587,0.587
806,0.492,0.619,0.651,0.651,0.667,0.714,0.714,0.667,0.683,0.683
807,0.651,0.603,0.587,0.556,0.508,0.556,0.556,0.54,0.524,0.492
808,0.54,0.571,0.556,0.524,0.54,0.556,0.651,0.651,0.635,0.619
809,0.54,0.571,0.619,0.603,0.587,0.619,0.603,0.603,0.587,0.556
810,0.635,0.587,0.587,0.651,0.635,0.651,0.698,0.651,0.587,0.587
811,0.587,0.651,0.667,0.635,0.651,0.635,0.651,0.619,0.635,0.619
812,0.667,0.603,0.619,0.587,0.603,0.603,0.635,0.587,0.571,0.556
813,0.429,0.571,0.603,0.698,0.651,0.651,0.587,0.54,0.571,0.571
814,0.571,0.651,0.651,0.635,0.619,0.651,0.698,0.714,0.635,0.619
815,0.651,0.651,0.714,0.762,0.746,0.73,0.667,0.714,0.651,0.651
816,0.556,0.667,0.635,0.667,0.683,0.667,0.667,0.683,0.683,0.683
817,0.635,0.556,0.556,0.603,0.603,0.603,0.619,0.571,0.524,0.54
818,0.619,0.619,0.587,0.603,0.667,0.651,0.619,0.635,0.587,0.571
819,0.619,0.587,0.603,0.587,0.603,0.635,0.667,0.651,0.651,0.651
820,0.54,0.619,0.635,0.635,0.603,0.651,0.667,0.619,0.619,0.635
821,0.54,0.571,0.571,0.603,0.587,0.603,0.587,0.603,0.587,0.619
822,0.619,0.556,0.571,0.571,0.54,0.587,0.603,0.54,0.556,0.587
823,0.619,0.651,0.667,0.635,0.667,0.683,0.683,0.714,0.683,0.651
824,0.476,0.556,0.571,0.603,0.603,0.524,0.587,0.556,0.571,0.556
825,0.587,0.587,0.571,0.619,0.619,0.619,0.698,0.667,0.619,0.603
826,0.587,0.714,0.619,0.603,0.651,0.619,0.635,0.619,0.587,0.571
827,0.651,0.635,0.714,0.714,0.698,0.746,0.683,0.746,0.746,0.762
828,0.556,0.571,0.587,0.587,0.587,0.651,0.667,0.651,0.619,0.619
829,0.619,0.698,0.651,0.587,0.571,0.571,0.619,0.635,0.635,0.619
830,0.571,0.667,0.651,0.619,0.587,0.667,0.667,0.635,0.635,0.619
831,0.508,0.619,0.603,0.587,0.571,0.556,0.635,0.603,0.54,0.571
832,0.54,0.667,0.698,0.714,0.73,0.683,0.619,0.603,0.635,0.635
833,0.587,0.73,0.714,0.635,0.619,0.619,0.587,0.635,0.619,0.619
834,0.556,0.619,0.651,0.571,0.556,0.667,0.714,0.667,0.651,0.667
835,0.587,0.603,0.571,0.54,0.571,0.524,0.556,0.54,0.54,0.54
836,0.667,0.54,0.54,0.603,0.587,0.603,0.54,0.508,0.492,0.492
837,0.524,0.54,0.556,0.556,0.619,0.587,0.635,0.619,0.587,0.587
838,0.46,0.667,0.698,0.651,0.635,0.683,0.619,0.619,0.635,0.635
839,0.54,0.667,0.651,0.651,0.587,0.651,0.651,0.635,0.619,0.587
840,0.587,0.683,0.651,0.603,0.635,0.603,0.651,0.603,0.619,0.603
841,0.619,0.651,0.683,0.698,0.698,0.698,0.683,0.683,0.651,0.651
842,0.619,0.603,0.651,0.651,0.683,0.762,0.698,0.619,0.587,0.524
843,0.46,0.603,0.571,0.619,0.619,0.667,0.603,0.603,0.571,0.571
844,0.619,0.587,0.571,0.603,0.619,0.635,0.667,0.603,0.571,0.571
845,0.54,0.556,0.603,0.635,0.651,0.635,0.587,0.587,0.587,0.587
846,0.556,0.603,0.587,0.667,0.667,0.698,0.698,0.698,0.667,0.651
847,0.635,0.619,0.556,0.54,0.54,0.587,0.603,0.556,0.54,0.556
848,0.556,0.603,0.587,0.587,0.603,0.603,0.603,0.556,0.571,0.587
849,0.54,0.619,0.587,0.651,0.603,0.698,0.667,0.635,0.571,0.571
850,0.587,0.651,0.746,0.667,0.667,0.667,0.683,0.683,0.603,0.619
851,0.683,0.651,0.714,0.651,0.683,0.683,0.635,0.603,0.619,0.619
852,0.571,0.635,0.651,0.603,0.619,0.603,0.587,0.571,0.619,0.603
853,0.587,0.603,0.651,0.619,0.619,0.603,0.603,0.571,0.571,0.571
854,0.524,0.603,0.635,0.587,0.54,0.619,0.603,0.587,0.587,0.587
855,0.492,0.508,0.571,0.619,0.619,0.635,0.587,0.571,0.556,0.54
856,0.571,0.587,0.571,0.603,0.603,0.587,0.556,0.571,0.476,0.508
857,0.508,0.571,0.556,0.571,0.603,0.619,0.603,0.619,0.635,0.651
858,0.619,0.651,0.571,0.619,0.587,0.619,0.635,0.635,0.619,0.603
859,0.492,0.524,0.524,0.524,0.508,0.54,0.587,0.54,0.556,0.54
860,0.651,0.571,0.603,0.587,0.587,0.556,0.556,0.556,0.54,0.524
861,0.54,0.619,0.603,0.635,0.635,0.635,0.635,0.587,0.571,0.571
862,0.619,0.683,0.683,0.667,0.651,0.619,0.556,0.492,0.508,0.524
863,0.508,0.524,0.54,0.492,0.476,0.54,0.54,0.571,0.587,0.587
864,0.524,0.508,0.54,0.587,0.603,0.556,0.54,0.508,0.508,0.508
865,0.619,0.587,0.587,0.54,0.524,0.556,0.556,0.556,0.571,0.54
866,0.54,0.603,0.651,0.667,0.698,0.714,0.651,0.667,0.651,0.651
867,0.619,0.651,0.667,0.587,0.556,0.603,0.587,0.635,0.635,0.619
868,0.587,0.524,0.524,0.508,0.492,0.556,0.571,0.556,0.603,0.619
869,0.556,0.556,0.571,0.619,0.603,0.635,0.635,0.54,0.54,0.524
870,0.556,0.619,0.667,0.698,0.714,0.683,0.651,0.683,0.667,0.619
871,0.556,0.683,0.651,0.683,0.667,0.667,0.73,0.73,0.651,0.651
872,0.635,0.571,0.619,0.571,0.54,0.54,0.571,0.54,0.492,0.508
873,0.54,0.603,0.635,0.683,0.73,0.714,0.698,0.714,0.683,0.667
874,0.524,0.524,0.556,0.508,0.571,0.619,0.651,0.571,0.54,0.524
875,0.54,0.571,0.603,0.556,0.571,0.619,0.635,0.635,0.651,0.635
876,0.587,0.587,0.603,0.54,0.524,0.667,0.714,0.667,0.651,0.651
877,0.556,0.571,0.603,0.603,0.603,0.667,0.635,0.635,0.619,0.619
878,0.603,0.571,0.571,0.619,0.619,0.587,0.571,0.54,0.571,0.571
879,0.587,0.651,0.635,0.667,0.667,0.651,0.651,0.683,0.603,0.587
880,0.587,0.651,0.635,0.587,0.587,0.587,0.619,0.603,0.571,0.571
881,0.635,0.635,0.651,0.683,0.635,0.619,0.635,0.635,0.587,0.587
882,0.492,0.54,0.556,0.651,0.619,0.619,0.667,0.619,0.587,0.587
883,0.556,0.619,0.635,0.619,0.667,0.619,0.619,0.635,0.619,0.619
884,0.619,0.619,0.603,0.619,0.603,0.587,0.603,0.571,0.603,0.603
885,0.571,0.556,0.524,0.619,0.635,0.619,0.667,0.635,0.619,0.619
886,0.524,0.571,0.587,0.635,0.667,0.714,0.698,0.635,0.603,0.651
887,0.619,0.619,0.635,0.667,0.683,0.73,0.762,0.714,0.73,0.714
888,0.587,0.603,0.683,0.667,0.651,0.683,0.73,0.667,0.667,0.667
889,0.54,0.587,0.635,0.619,0.603,0.619,0.603,0.603,0.571,0.571
890,0.524,0.571,0.587,0.603,0.635,0.619,0.571,0.556,0.556,0.571
891,0.492,0.54,0.571,0.603,0.587,0.587,0.524,0.476,0.46,0.46
892,0.476,0.556,0.603,0.635,0.603,0.619,0.651,0.619,0.651,0.651
893,0.651,0.651,0.667,0.635,0.603,0.698,0.683,0.698,0.698,0.683
894,0.556,0.603,0.587,0.571,0.587,0.635,0.698,0.635,0.651,0.667
895,0.619,0.603,0.54,0.492,0.524,0.524,0.587,0.587,0.603,0.603
896,0.508,0.556,0.571,0.619,0.587,0.603,0.603,0.54,0.571,0.556
897,0.492,0.635,0.651,0.651,0.651,0.651,0.619,0.635,0.603,0.603
898,0.619,0.603,0.603,0.556,0.556,0.635,0.619,0.571,0.556,0.571
899,0.635,0.651,0.714,0.698,0.73,0.683,0.651,0.619,0.603,0.603
900,0.603,0.778,0.73,0.762,0.73,0.762,0.714,0.698,0.714,0.698
901,0.603,0.556,0.587,0.54,0.556,0.571,0.556,0.587,0.524,0.54
902,0.54,0.524,0.587,0.587,0.619,0.603,0.603,0.587,0.524,0.508
903,0.603,0.635,0.635,0.587,0.587,0.603,0.698,0.635,0.603,0.603
904,0.571,0.603,0.619,0.603,0.603,0.651,0.619,0.651,0.651,0.651
905,0.603,0.54,0.571,0.603,0.571,0.619,0.667,0.635,0.651,0.635
906,0.635,0.698,0.698,0.651,0.667,0.762,0.73,0.714,0.651,0.667
907,0.635,0.54,0.571,0.587,0.603,0.587,0.651,0.603,0.619,0.619
908,0.524,0.603,0.619,0.683,0.683,0.635,0.603,0.587,0.603,0.635
909,0.587,0.635,0.651,0.635,0.698,0.698,0.698,0.619,0.619,0.603
910,0.556,0.635,0.651,0.619,0.635,0.619,0.619,0.603,0.54,0.54
911,0.651,0.683,0.651,0.635,0.54,0.603,0.603,0.619,0.619,0.619
912,0.524,0.619,0.587,0.635,0.651,0.635,0.698,0.698,0.667,0.619
913,0.587,0.571,0.492,0.54,0.556,0.587,0.619,0.603,0.603,0.603
914,0.619,0.683,0.683,0.667,0.651,0.635,0.635,0.603,0.587,0.571
915,0.54,0.587,0.619,0.571,0.571,0.619,0.603,0.667,0.635,0.619
916,0.698,0.667,0.651,0.603,0.587,0.571,0.635,0.635,0.619,0.619
917,0.492,0.635,0.651,0.619,0.619,0.667,0.746,0.714,0.651,0.635
918,0.587,0.556,0.571,0.556,0.571,0.587,0.651,0.603,0.635,0.587
919,0.619,0.714,0.683,0.73,0.746,0.714,0.651,0.603,0.619,0.603
920,0.508,0.667,0.667,0.667,0.683,0.746,0.619,0.651,0.635,0.635
921,0.46,0.571,0.603,0.619,0.619,0.587,0.556,0.603,0.603,0.587
922,0.556,0.619,0.571,0.571,0.587,0.635,0.54,0.524,0.54,0.571
923,0.524,0.635,0.556,0.571,0.571,0.603,0.54,0.556,0.508,0.556
924,0.508,0.587,0.651,0.619,0.619,0.635,0.635,0.619,0.587,0.587
925,0.619,0.619,0.603,0.651,0.667,0.635,0.571,0.556,0.571,0.556
926,0.635,0.556,0.619,0.619,0.571,0.683,0.667,0.651,0.651,0.635
927,0.524,0.619,0.651,0.698,0.667,0.698,0.651,0.651,0.667,0.667
928,0.508,0.556,0.587,0.635,0.587,0.635,0.619,0.603,0.556,0.587
929,0.603,0.73,0.698,0.714,0.667,0.667,0.667,0.651,0.603,0.603
930,0.508,0.603,0.603,0.635,0.667,0.651,0.651,0.635,0.603,0.603
931,0.556,0.524,0.492,0.492,0.508,0.54,0.524,0.54,0.524,0.54
932,0.556,0.619,0.571,0.619,0.603,0.587,0.651,0.603,0.556,0.556
933,0.476,0.556,0.603,0.571,0.54,0.54,0.556,0.54,0.524,0.524
934,0.429,0.556,0.556,0.54,0.556,0.524,0.603,0.635,0.603,0.571
935,0.587,0.571,0.571,0.587,0.603,0.603,0.54,0.476,0.476,0.476
936,0.571,0.635,0.603,0.587,0.635,0.698,0.651,0.603,0.556,0.524
937,0.619,0.635,0.587,0.635,0.635,0.635,0.651,0.619,0.587,0.587
938,0.587,0.667,0.635,0.603,0.587,0.619,0.635,0.651,0.667,0.667
939,0.571,0.619,0.619,0.587,0.587,0.571,0.508,0.54,0.524,0.556
940,0.571,0.651,0.635,0.698,0.714,0.698,0.635,0.603,0.619,0.635
941,0.571,0.492,0.556,0.603,0.587,0.635,0.651,0.587,0.587,0.571
942,0.571,0.667,0.683,0.683,0.683,0.698,0.635,0.683,0.603,0.603
943,0.635,0.556,0.54,0.54,0.556,0.54,0.524,0.492,0.46,0.476
944,0.54,0.54,0.571,0.587,0.587,0.619,0.571,0.556,0.54,0.54
945,0.492,0.635,0.667,0.683,0.651,0.667,0.651,0.651,0.635,0.635
946,0.492,0.651,0.651,0.73,0.73,0.698,0.651,0.651,0.619,0.619
947,0.524,0.587,0.635,0.651,0.635,0.619,0.587,0.556,0.556,0.556
948,0.603,0.667,0.698,0.651,0.651,0.667,0.683,0.683,0.698,0.73
949,0.571,0.556,0.619,0.619,0.603,0.603,0.587,0.524,0.54,0.524
950,0.587,0.571,0.587,0.571,0.556,0.619,0.619,0.619,0.603,0.619
951,0.619,0.683,0.667,0.714,0.683,0.698,0.635,0.635,0.603,0.603
952,0.619,0.714,0.683,0.651,0.635,0.635,0.635,0.635,0.635,0.619
953,0.635,0.619,0.603,0.619,0.587,0.587,0.603,0.508,0.476,0.492
954,0.556,0.556,0.603,0.571,0.571,0.571,0.619,0.651,0.635,0.619
955,0.619,0.571,0.571,0.587,0.587,0.587,0.667,0.619,0.619,0.619
956,0.635,0.651,0.651,0.587,0.619,0.603,0.571,0.556,0.492,0.508
957,0.619,0.603,0.635,0.587,0.587,0.683,0.667,0.667,0.635,0.651
958,0.587,0.556,0.54,0.571,0.556,0.619,0.587,0.587,0.619,0.603
959,0.571,0.667,0.651,0.556,0.587,0.556,0.524,0.556,0.571,0.556
960,0.556,0.571,0.571,0.587,0.603,0.619,0.587,0.587,0.587,0.571
961,0.635,0.635,0.651,0.683,0.667,0.619,0.603,0.556,0.524,0.54
962,0.476,0.635,0.587,0.619,0.619,0.667,0.603,0.603,0.587,0.603
963,0.619,0.603,0.651,0.651,0.667,0.667,0.619,0.619,0.619,0.619
964,0.571,0.603,0.603,0.635,0.635,0.651,0.698,0.651,0.667,0.667
965,0.698,0.619,0.619,0.556,0.571,0.587,0.54,0.571,0.54,0.54
966,0.651,0.635,0.667,0.698,0.698,0.651,0.714,0.667,0.603,0.619
967,0.635,0.619,0.619,0.698,0.683,0.635,0.587,0.556,0.54,0.524
968,0.603,0.556,0.587,0.619,0.683,0.667,0.667,0.619,0.556,0.556
969,0.524,0.524,0.524,0.524,0.524,0.619,0.587,0.571,0.524,0.508
970,0.571,0.587,0.619,0.651,0.619,0.635,0.651,0.619,0.603,0.603
971,0.571,0.54,0.587,0.54,0.556,0.587,0.635,0.54,0.476,0.46
972,0.619,0.667,0.667,0.587,0.587,0.587,0.683,0.667,0.619,0.635
973,0.635,0.651,0.683,0.714,0.714,0.698,0.635,0.603,0.603,0.603
974,0.571,0.571,0.619,0.603,0.619,0.587,0.603,0.603,0.587,0.571
975,0.603,0.571,0.54,0.587,0.556,0.571,0.651,0.587,0.556,0.556
976,0.619,0.619,0.714,0.667,0.619,0.635,0.635,0.635,0.698,0.698
977,0.524,0.667,0.683,0.667,0.683,0.714,0.714,0.683,0.667,0.683
978,0.556,0.651,0.619,0.714,0.667,0.698,0.651,0.667,0.635,0.619
979,0.492,0.476,0.54,0.54,0.524,0.54,0.524,0.54,0.508,0.508
980,0.492,0.667,0.714,0.698,0.651,0.635,0.635,0.651,0.683,0.698
981,0.587,0.635,0.651,0.619,0.635,0.619,0.635,0.635,0.651,0.667
982,0.524,0.571,0.587,0.556,0.508,0.571,0.556,0.556,0.54,0.54
983,0.603,0.571,0.587,0.603,0.603,0.635,0.556,0.508,0.54,0.54
984,0.587,0.603,0.619,0.603,0.603,0.603,0.667,0.619,0.571,0.571
985,0.667,0.587,0.603,0.619,0.683,0.698,0.651,0.635,0.587,0.587
986,0.698,0.619,0.651,0.667,0.651,0.603,0.667,0.587,0.571,0.571
987,0.508,0.556,0.524,0.556,0.571,0.603,0.524,0.508,0.54,0.54
988,0.651,0.651,0.635,0.587,0.571,0.587,0.603,0.619,0.571,0.587
989,0.46,0.587,0.667,0.651,0.603,0.667,0.651,0.667,0.619,0.619
990,0.476,0.54,0.556,0.54,0.571,0.556,0.556,0.524,0.54,0.524
991,0.54,0.603,0.651,0.651,0.667,0.635,0.603,0.587,0.587,0.587
992,0.587,0.524,0.524,0.508,0.492,0.476,0.54,0.508,0.444,0.444
993,0.587,0.619,0.635,0.571,0.587,0.619,0.714,0.667,0.651,0.635
994,0.54,0.508,0.508,0.571,0.603,0.619,0.667,0.619,0.619,0.619
995,0.54,0.619,0.603,0.651,0.667,0.619,0.524,0.556,0.619,0.635
996,0.651,0.651,0.619,0.587,0.619,0.556,0.603,0.651,0.635,0.619
997,0.587,0.619,0.635,0.635,0.619,0.619,0.587,0.571,0.571,0.571
998,0.571,0.683,0.714,0.762,0.746,0.698,0.587,0.603,0.619,0.619
999,0.587,0.54,0.603,0.587,0.635,0.635,0.619,0.587,0.603,0.619
