,level,fly,bf
0,-12.13586059910391,0.039462932405101014,-0.0021963456815470295
1,18.38752820167387,0.019505435122610493,-0.00019939162864801574
2,-21.71102093784615,0.10201948416323603,-0.003064490385099816
3,-21.053561485057035,0.07557909188741974,0.006097677067657514
4,-12.031725078766256,0.06486158174065793,-0.005172438380320443
5,-20.298693413362628,0.08583640963738048,-0.007410841853385364
6,17.55691002743514,0.12537867584067897,0.006209063161598749
7,12.59560113039994,0.054755566206523554,-0.00545970819327124
8,19.526591313299267,0.025611806928537817,0.008064881981823646
9,22.390917661822577,0.07909318517347685,-0.002113151484287812
10,-15.929927658458443,0.09457715254326615,-0.0011902402004366763
11,12.811985695436618,0.07068633075415676,0.00467309848071551
12,20.517362810096763,0.09163333597167878,0.011782893507550796
13,22.943610688146276,0.06132099685865455,-4.512892132879642e-06
14,-14.555634038576878,0.06848902400962231,-0.002745588285868905
15,15.953290676321869,0.09144990021017918,0.0033795549099906452
16,23.690669718008415,0.027801873099292607,0.001742394689230764
17,17.263673596945022,0.07762891628185287,0.002357879877614266
18,16.863048592146473,0.09740557604345668,-3.3503559450309695e-05
19,20.513967266897,0.0014439429806998305,-0.0028738181697605114
20,17.19721105657039,0.11387729363870847,-0.0018184384151638255
21,-22.278160546800923,0.09421308355329927,0.00010019750366296876
22,16.244347085743943,0.15001829770884,-0.006242037234954978
23,20.90936826477862,0.13734536591015,-0.0010767600579626446
24,-12.417031634771506,0.08220922920648377,-0.004808289729368198
25,20.102826864773338,0.06857781040380928,0.002478904602483567
26,-17.50506819313563,0.19337076166652878,-0.0029900397422011338
27,18.186486442985057,0.18324377600524144,-0.002249033246769727
28,19.989699185209172,0.01279254365340421,-0.005319853679978337
29,23.266874820557543,0.04750498490395216,0.0022789527217668137
30,-20.07895813482928,0.007573380514102723,-0.00026774082410696565
31,15.287775728941062,-0.001326427620654158,-0.006872916171730026
32,-16.493055270108332,0.1002463047723694,0.0009024747873311867
33,-18.91362648829939,0.07857443129350372,-0.0032894506345115815
34,19.269429050969112,0.07666846939704897,-0.007599184206668497
35,19.37275327174137,0.07617469988761627,-0.0021011329300222314
36,-19.968674164079037,0.05875821821659599,0.0006625377745379524
37,21.313477506326834,0.03631763470652061,-0.0048705688811381265
38,-17.04341318837758,0.16304571517206057,-0.002511615466310957
39,-15.773534300399147,0.043972200954186746,-0.001810003677661598
40,-18.76129246527631,0.04470812998616225,0.004005215080937319
41,-14.973449074674782,0.1536027789886134,-0.003094113509959584
42,20.788559025038804,0.08163699043028316,0.006761993123056698
43,10.26679654900169,0.056829173661242294,-0.0007812777915603419
44,12.38897644861662,0.04853380014525044,-0.00412185672627885
45,18.757771964981583,0.13729362431773495,-0.0020980447526639523
46,-13.224476926140927,0.01101737655181978,0.0025603705740024907
47,-20.845529195115567,0.07846704649131198,0.008401618887717177
48,12.1690182404229,0.13179381843019655,-0.0023248147227121763
49,21.033757512295765,0.08532439880217169,-0.006126761551861648
50,15.187999791683339,0.07805835949613993,0.008108425833128763
51,16.441669808977426,0.1365193582659856,-0.002146073611754673
52,15.128340822358759,0.12226166865521293,-0.0016360433138586927
53,-16.79015151680687,0.11034928127477883,-0.00010194813665975744
54,15.433137921845512,0.1552069755617964,-0.0038118600839354144
55,-20.95006746859865,0.10147630173558753,-0.006961912955681271
56,-15.118429060381779,0.22250047688962127,0.0007261879150632922
57,-18.16463990278929,0.041008875638212317,-0.0064601667112711425
58,-12.773213123130247,0.3006672549311702,0.0009448818496906597
59,19.05912861806742,0.04760256974729771,-0.004555501818096275
60,17.311733747094237,0.00605021264998129,-0.007094885901089754
61,10.555506476022817,0.06385732503038355,0.004391732811704685
62,-13.597399703602271,0.04451541687092231,-0.00166362444146273
63,15.291596675016416,0.14205156865830304,0.008645771759972831
64,10.384037983351526,0.051761221450092876,0.001520152287845633
65,21.251660173172535,-0.001973992798468771,-0.0038166222005884265
66,19.479465522236882,0.05370952595305312,0.001527838567312756
67,21.868455591470536,0.0017139766584364224,-0.006065730640742117
68,-23.909909713765128,0.017273144195343093,-0.008764502062504675
69,-13.915833553004,-0.014060898115175746,-0.002234917061862518
70,22.19970100296074,0.07751161700852549,-0.008756885512084978
71,-11.650020943972121,-0.023705576502464965,0.002795401510610418
72,-14.306325946987355,0.06195224844388747,-0.000617313813627618
73,18.071211955294,0.05252859152720646,0.0014842833468478034
74,20.65000331849227,0.15586642887792834,-0.0078083872230720885
75,18.585348105958875,0.2127840603215958,-0.0012725120737613338
76,-13.409723845460508,0.11706801199065353,-0.0024303135261618536
77,16.521716256708466,0.18397504931994035,0.00220263026790235
78,-18.869933181631314,0.09198910282823647,-0.006971764019176874
79,-15.003602758772105,0.01732222249968629,1.0928724300640624e-05
80,-21.25750562732438,0.05086186232543355,-0.007747107792994257
81,18.038027028108488,0.041856342804706514,-0.009846712634818289
82,-15.944633006124219,0.07251359012745695,0.002752832648717174
83,18.686145328382683,0.17367861603567292,0.0038509499299337335
84,-23.31350645590786,0.03506062639650054,0.0012945012527012523
85,21.301443446824784,0.06009697045412565,-8.584188879723342e-05
86,16.792769581174554,0.05977044208583493,-0.010336195482622657
87,-18.60740413006904,0.0008836309434343548,-0.0028779501615190384
88,-9.727004899864077,0.08426436696312578,0.0021733866025144266
89,-16.625821896903833,0.1895223482776487,-0.001152185334504452
90,17.616570699545413,0.2435611264823052,0.0016974537907756826
91,-21.65981905136042,0.02685947519221088,0.005791074227936122
92,12.204980218735276,0.14259601229568375,0.005556452056367789
93,13.04368567900318,0.042998000007301584,-0.00726157090748103
94,15.981413255135996,0.0476155184500584,-0.006530216680708634
95,18.56591558818987,0.02991106541105637,0.0006935176591724712
96,21.25769263784685,0.07928739245835459,-0.0037807164178786934
97,-17.50444927045681,0.0034180314519147714,-0.009057761491810368
98,12.164525345426352,0.10503708995842942,-0.006986914408763312
99,-12.466330047839158,-0.04183906235057577,0.002773434134702768
100,-18.14108120043569,0.1471193760761338,-0.010531483645102924
101,-24.198731661960267,0.0009079532379274724,-0.0015345160671174085
102,-16.254663473346692,0.02113203515727946,0.003376560210725188
103,-21.261335625021147,0.1500479576606466,-0.0011896716441199828
104,-18.3308309839468,0.07758120931798373,-0.011939941265815435
105,-17.58368211692428,0.1049819603320401,-0.007535812827860866
106,-21.89079182252288,-0.013955243154640584,-0.0033938963554334123
107,-11.711431537429355,0.11414023731862244,-0.005246674525437811
108,11.341131674182495,0.05974041547744946,-0.0030156433491441703
109,19.48423049650286,0.040392176999375806,0.004116647867846268
110,18.333427469444928,0.05151601195458966,-0.0014118666960740711
111,12.642608554607003,0.10609565578870672,-0.0019114102663237986
112,13.546544984957691,0.04431749983992006,-0.0015756906405997029
113,15.69025556870743,0.10677448220650376,-0.0010542771497767944
114,10.142850244775682,0.02537746145719666,-0.002945564028834724
115,14.571781224583907,0.05774397605487991,-0.003568160729408021
116,17.743940135415933,-0.009485149717534114,-0.007671385620525939
117,10.785631020471932,0.03906241814067357,-0.006139149300096847
118,21.959374055987006,0.22503911637552676,-0.003971139150031888
119,14.675269040380945,0.025358196690021373,-0.0044258446739675605
120,15.97001069867238,0.23863867823021678,-0.002576337585750821
121,-19.60611893788,0.06979503950665844,0.006055232220234075
122,18.66755901373173,0.15764794582358377,0.0013861466005948841
123,18.072586361463486,0.0846207022630665,-0.0028308744195584268
124,18.741044394740456,0.09327171421837477,0.0009910684938958525
125,-19.162582177578155,0.03565380103202642,-0.00939774096654844
126,14.46195044011306,0.030038483599412302,-0.0033674191789572205
127,14.808158540882072,0.037983048167816946,-0.008783798324579095
128,13.231302478364153,0.03411971312407047,-0.005214674856937052
129,-15.012787772053896,0.11908225684139495,-0.0033982463665083174
130,14.681729762565213,0.11422715181119258,-0.006779675368882465
131,-11.549446857633953,-0.04580651417337833,-0.0015557190123374198
132,19.03069817410435,0.07492881559969078,0.001725257418769388
133,-12.04131210412567,0.0016440824567922618,-0.007622358869774359
134,13.424663630395907,0.19525178891194628,3.426100296621826e-05
135,-18.349361741127172,-0.002404496819281121,0.0022334479839543064
136,-17.530251912112494,0.07625670707666643,0.0006269682123516418
137,23.01074212819524,0.12309924278213202,-0.0015505157821849025
138,-16.571222458074995,0.08036776129461032,-0.0016639648666227913
139,-14.449977535163326,0.07962652662399705,-0.0011130385645401475
140,19.65889581110085,0.14624816617342162,-0.006636134109015757
141,-21.771523779099773,-0.006848339110916868,-0.010050417500224285
142,-11.692990322579396,0.046351337921208824,-0.0030958640901843637
143,12.176317679132667,0.0377233766253795,-0.001865583234597068
144,21.386330255402903,0.07924154997502342,-0.00673354039756191
145,-11.643218128272062,0.20730098689175236,0.001286089007457747
146,-16.434349365938527,-0.014256943129524302,-0.0042915041232660656
147,-19.582068813337436,0.09347062959052721,0.00038918873611493154
148,15.544343344733727,0.02888743435021013,-0.004101462528204536
149,-22.814048243671746,0.16211346372325863,-0.0066684058506112365
150,-12.349164606472714,0.05211179490241591,-0.0015386870940758968
151,-19.344317212262577,0.03786196447003931,-0.0100254729160838
152,17.526608416377584,0.08196698797161162,-0.0003416132283149409
153,-22.453219726946084,0.1087003711802339,-0.003475487955491019
154,-13.340291032479605,0.09655615756288682,-0.0017008465790766536
155,-18.00101485782376,0.102889019079214,-0.010971297860663753
156,-15.301204189458614,0.1601545315257198,-0.0051181583027002375
157,15.27841270438237,0.011535606795320064,-0.00019752885648927077
158,17.000728961070653,0.07828021806174945,-0.0036073039778372618
159,-13.747524569296475,0.1602169337806174,-0.00462840714004642
160,-19.16823890867821,0.16267579498688178,-0.0018704061032650543
161,-19.687746732355638,0.06252239969084883,0.004998793622284836
162,-13.396853216158227,0.07612467175970039,0.006429288437992398
163,21.68821367389844,0.09146824607334736,-0.003522244385116835
164,-18.17026523247356,0.19375569952892135,-0.0012218770863015038
165,-20.186711705824433,0.15115808152663135,-0.0035307337240340075
166,15.323688611238596,0.18822173884558424,-0.0024215002735985536
167,-14.666536642418931,0.06315369615023769,0.0041739981972739315
168,13.23301568820328,0.14138270410428788,-0.002413303864337024
169,16.617263716149253,0.08034101506254387,0.0034538551637695036
170,12.41429992293696,0.03341213708792168,-0.004973004411645832
171,18.057112295639566,0.18639683697175258,0.0001776626070792986
172,-22.480024639376694,0.03177223523749717,-0.0063230118723396345
173,10.754952708716871,0.03665170999684619,-0.002582268973327473
174,-19.87573789383769,0.049818850117219426,0.00010144468539863283
175,-8.8172804627975,0.08925488168341644,0.0009246916551148843
176,18.156701403056694,0.15176897110278276,-0.0015982700961600926
177,10.288149817487712,0.07921408742006975,0.012503572867899493
178,-14.319652091015435,0.0750845910558553,-0.000604112152586822
179,-20.671705682523147,0.07147834664141328,-0.006483837610474552
180,20.211829701273857,0.08548985710113755,-0.0033551099296360576
181,-12.104523897661126,0.1163032485372355,-0.008858264903921054
182,22.096514163208774,0.1320486378402279,5.8201938017532484e-05
183,21.69678599379573,0.013817092811478915,-0.004484344682950336
184,15.270180438382614,0.04593101663249399,0.004654726189315284
185,21.510004693896192,0.1623104956591277,0.0027857954979069177
186,-20.3232158307915,0.005822367676458384,-0.0021675755141714603
187,-20.304443476694566,0.11386768685440529,0.005408840265246795
188,14.315425761381901,0.10404299089942981,-0.0017083820757974877
189,-12.58721735958896,0.1542669146928688,-0.003617554091306374
190,17.828857591154247,0.016513351414943145,-0.0015753874285451275
191,-23.80655720976537,-0.027801735142674033,-0.0016668426490440424
192,22.892121020338838,0.05792246864240269,0.004019980210344443
193,16.075468226035206,0.12797566373706104,-0.007086390098450579
194,-14.814816027180353,0.1303002127917665,0.0028459942955336714
195,-13.820945348530149,0.11187223752837383,0.0007112070631549727
196,-12.359524497514982,0.06745408135014941,0.003692009316736744
197,-11.677856754105724,0.14146023164929034,0.0019455842007971569
198,-20.6108446260274,0.026645150621348535,-0.004419629682352877
199,-12.39623521783588,0.07141566414223632,-0.00021147133333698775
200,-15.822803921600356,0.02756977713369224,-0.007053065447479412
201,21.335943857549353,0.04208077643733077,-0.0010515410580609341
202,-21.293368119310824,0.16122277778386263,-0.008606398867875953
203,16.92593474934526,0.008240227652379417,-0.0005503452922681618
204,14.251163909478548,0.03634544346724056,-0.0023673240491177694
205,-20.69095682179524,0.07922242514429456,0.0022317740493136284
206,-15.99571181303535,0.044312587278284354,-0.0012787443374691065
207,14.385101012405382,0.05646580496961917,-0.013225616159253661
208,-17.689753284277952,0.03318689205279668,-0.010295252327118476
209,13.155365830536079,0.14604546526001627,-0.004205689333431906
210,11.200733048260743,0.04675414599320504,-0.0012679717943129276
211,12.17372866491049,0.08577253737469448,-0.007509445574534368
212,19.063381119446593,0.08037721156436817,-0.005720438299057662
213,21.351634348231187,0.04111110059820078,-0.005566423727891845
214,15.986784065746322,0.09687927099085414,-0.003968321434484778
215,17.37683277821925,0.04688539619525045,-0.0012280937637996203
216,-11.432346007962595,0.0756998929720396,-0.004978947779065379
217,-20.47381712875925,0.124840341369989,-0.006860084464371141
218,20.48941646769992,0.07880999927490961,-0.0021040821683300237
219,-16.685157611276512,0.09198264104250597,-0.00414434867624891
220,-20.116123225408472,0.1972178589440432,0.005832882829636787
221,-18.5155876283402,0.09244414930915923,0.001306148078839442
222,-11.135836536817592,0.04084746287824714,-0.0022615978634092926
223,12.451360272135654,0.1035756017175089,0.0011245554496852606
224,20.86730886571044,-0.019257840882104915,-0.008796228901864822
225,21.495916825797273,0.0915814425370769,0.003886153027742978
226,16.109491503135594,0.03992354842587531,0.0015042877664726007
227,13.190285286339353,0.10502323543504133,0.00024699988572507436
228,12.145473797921282,0.18753884850760016,-0.008114005836823424
229,-8.75948564512782,0.051197929557901034,-0.005430238936810383
230,-21.004018008646405,0.12663353557792334,-0.0012406630548156272
231,17.217031915543913,0.01961075003717383,-0.0004968633834891989
232,-23.1305313431533,0.10206520383108852,-0.002225195641251787
233,-18.553791178315212,0.03143434581184579,-0.0070902371336813985
234,-14.632853556728582,0.09353560898792068,-0.006228404118623132
235,18.86863124822786,-0.00962981094197346,-0.0022379510705619055
236,-19.09889961674758,0.13721292079607394,-0.004945299074925913
237,-12.976945144933511,0.06408325529540093,-0.002538046919539738
238,-19.105615108400524,0.06117281392988616,-0.002779167980961006
239,-13.735725189466176,0.11218775614892706,-0.0020798811374191928
240,21.151087110564035,0.038731209882257644,-0.00405733590946511
241,-14.539558269895883,0.0790430813904095,0.001742202846102714
242,-17.17044307363623,0.09887906565640492,-0.00704259090900905
243,23.142340394773456,0.11140384594747843,-0.0013991403374404854
244,17.181397145854454,0.05781097230283194,-0.002560937487473325
245,-15.18749449105052,0.09636556373503424,0.001183211361585279
246,22.750892596182197,0.14911040829547062,0.0014092516385417753
247,-20.014594008534488,0.05824312944278631,-0.006613670198603927
248,-14.058758870534142,0.1455449645867617,-0.005598089033505005
249,-15.017860805959993,0.07227954365696121,-0.00208708852549222
250,19.16508071182574,-0.0013456919007239776,0.0029310644290490018
251,13.533187272129508,0.05797634203311475,-0.001826675911239306
252,-14.646796144722463,0.10211175831719288,-0.002383423346529412
253,-23.64491994917513,0.028075594516934643,-0.002338977738205017
254,-12.965240163024182,0.055217163311098716,0.0003477720824136554
255,-14.460247496640088,0.13208834301737227,-0.004566633480898474
256,-21.14719803660411,-0.01790781709483724,0.00011194984394791163
257,18.115662689637062,0.09608050474045626,-0.003286657398632542
258,-23.209085241527372,0.14903302083033054,-0.004126361780578236
259,17.45257486985515,0.14986102225080344,-0.0016283535169350216
260,-21.434997706068756,0.17669513120398506,-0.00027051536079625293
261,13.755491525800156,0.033240912843396586,-0.005245159077865935
262,-16.56735323326929,0.09020420383940575,-0.009649292192982273
263,19.696834592935897,0.04215631084946381,-0.008368413816398856
264,-18.444837974742022,0.0834359118468484,-0.004253784057560495
265,11.265189386309636,0.045378383699883784,-0.0005073045604646609
266,15.891603773557533,0.030053616324480004,-0.006756110692613504
267,13.27969371330205,0.033724189701445084,0.0005511320311200052
268,-19.268490149121618,0.08893116989534633,-0.01419256611235653
269,-14.250069684454992,-0.014617295820698928,-0.006838244950486683
270,-19.81136185703574,0.09495542511164956,-0.0008649436392786924
271,14.074847622843464,0.10974266630668694,-0.00440351656257576
272,-21.070663801692177,0.020349680020601113,0.003962232633121232
273,-22.830653378525618,0.15973689132539448,0.006365270019315972
274,-19.256936263439858,0.10771132477863432,-0.0016759603508589294
275,22.51908862625948,0.0593202016147103,-0.0055149042290807415
276,18.44902007816578,0.1177927100465439,-0.0034199142472530752
277,-17.838638062468476,0.16324507847863856,0.0033195780768124905
278,-21.254823652617564,0.03343226644048514,-0.005340934233288408
279,15.892409363641049,0.1678994402184344,-0.0038506656473344947
280,19.423198942388492,0.07522869603636195,-0.0002319394305914102
281,20.248506889631507,0.0966038316868918,-0.0004156303524425198
282,-14.134159719130333,0.1669842732726039,-0.0008563737671707372
283,-21.627287953761925,0.06392411659356867,-0.006588501378402611
284,20.030132151546866,0.01770146753796098,-0.005162109602878218
285,18.580862411100952,0.054168436428952305,-0.00482881532592927
286,-19.668634318033995,0.1016339794806953,-0.004251366976994575
287,-16.18551638636372,0.012441500288659313,0.0015857480585808048
288,-11.971957985226732,0.1166725108168265,-0.0037553840633179902
289,23.243138113877965,0.02875475384618653,-0.002722673336677417
290,-12.330768220631985,-0.01307182197795953,-0.006706980742272606
291,-16.536847186015244,0.22132775828330864,-0.0023383967117780458
292,-14.244439652139826,0.01728400322251389,-0.008470441118269889
293,-13.24841134270682,0.021180221511500008,-0.007107075016129727
294,11.555059347867493,0.09046150572797274,-0.0010562077700484451
295,-13.387572236948502,0.13355966007729592,0.0003761522462113476
296,-18.330834855245325,0.11351715154476949,-0.003148885875354779
297,15.797191786863548,0.10527994605118352,0.008149806197167209
298,-21.449429302333183,0.10710295675721682,0.0013663934247034604
299,-13.884654643068096,0.1557241164036185,-0.0024767603190767318
300,18.800110924776114,0.06641355665615833,-0.007245735789638275
301,-16.56714319370619,-0.005240970231881192,-0.007795044615406255
302,-20.132601655454653,0.010256451358969798,-0.0016635696717202109
303,14.212241932945272,0.1338993613737074,-0.005498132615890938
304,11.865372878560335,0.11503951221187947,-0.0031090531909896413
305,-20.324083971006655,0.0691647210006181,0.0010636779092436655
306,14.839247825188748,0.07320993054686653,-0.006246907258393719
307,20.921703370843925,0.2107889148747546,0.002790876143698995
308,-16.015877074226626,0.08276800304210497,-0.0016585143161620408
309,-14.093743489060962,0.10260993473310975,-0.011803623832086885
310,-17.961220798820094,0.0502818997991028,-0.002544200150822462
311,-22.421366638296234,0.10542675875038299,-0.005163150793066507
312,-19.841062126945687,0.19774958611043303,-0.0003306388893378198
313,-13.167298069240822,0.11214308453361355,0.004654555334312249
314,21.868275397583346,0.04491201196624672,-0.0007096404373712062
315,13.57732169712694,0.020220644772564356,-0.0018128864114430598
316,16.528090834095956,0.15974380804422594,-0.006124390798035506
317,-11.348794868977693,0.023728543908504207,-0.005149630140792283
318,21.196291196111677,0.07382216562621124,-0.006712813018594943
319,-17.236398095079448,0.012136735759085582,-0.004540579481975726
320,-18.19945988485251,0.1315942801395522,-0.0004192430494498467
321,16.089925701563203,0.0414643865228328,0.0007003416678728058
322,23.06658577447361,0.0822744580812298,-0.00020816927028022292
323,-19.643928400076632,0.023548617010419548,-3.611993710705974e-05
324,16.131042873255314,0.06999452678077489,-0.0017119848262083792
325,-15.602612835294662,0.19493263884137946,0.0013488800556871183
326,13.409533386128532,0.18371745804445538,-0.0016185886081458989
327,-14.600770001404257,0.03549111109882119,-0.007553846915456575
328,-15.335069639278604,0.10477127404342923,-0.002270087674830279
329,-15.508251793511473,0.07086460508290315,0.006270117762397831
330,-15.057657505711369,0.06596379762363824,-0.004349835053965023
331,-15.378146693881686,0.04165446609951573,0.001556752640667014
332,15.394842444342897,0.02581190003620293,0.004408257836452378
333,15.00054433476308,0.09047199558645502,-0.0014603719581174346
334,-21.812161802514453,0.06268924824632904,-0.0010574555434459398
335,-14.05930604248156,0.09473179574185053,-0.001398119828984079
336,-20.75567161968457,0.12107988579035123,-0.0034832368690587145
337,20.617772769434257,0.11465686674426934,-0.0030849049958732166
338,-17.16187541037795,0.012513053809442454,-0.00433751927245396
339,9.685685220087933,0.026864519007460785,-0.006327265997470022
340,21.446309818576122,0.04544887086841243,-0.004422747497834223
341,-22.48994411498956,0.046710522964389156,-0.0071027785183161996
342,-14.401386924434357,0.10260274039727335,-0.004334237185311451
343,-15.011135337126476,-0.022693348372513356,0.0024651662801034036
344,-18.489835002137003,0.1334591848407598,-0.005049177533543059
345,20.00403711770622,0.018666465993035786,-0.003015871805736481
346,20.620889290906234,0.14491548822860523,-0.0015893747234372313
347,-21.986276269887693,0.11992393602470486,-0.0030868970135102813
348,14.004830155357245,0.07620444206951049,-0.0018181546094737655
349,-14.015659900671844,0.017106269238027494,0.0032300310442749947
350,16.608968181753422,0.11514047053589138,0.007759096529213139
351,-16.030109459769474,0.058514622641951064,-0.00018246672061650315
352,18.565200831079377,0.10409718491665387,-0.005138702625224312
353,-19.317187212708305,0.07959167204552386,0.0007801145049199931
354,15.49353674468642,0.016946689030334028,-0.0035608225798000603
355,23.00262931707661,0.025241781592754364,-0.004719042646691207
356,17.450943348534874,0.07256578419328719,0.00040833877132939733
357,17.324912359073203,0.1331888249608255,0.000251819857510327
358,26.325598039127193,0.1226641309444716,-0.0036798579641939
359,22.42270142254901,0.1989681812819697,0.000589542434582313
360,19.42109651727306,0.1517291033431576,-0.0010756435884147209
361,-15.492838407866287,0.042795113853145494,-0.004617325552374041
362,-17.78019754327303,0.12207519097805175,-0.005047803963577735
363,20.623053018000043,0.1180009823680166,-0.0022637105039677863
364,17.553977032375453,0.042182310192359296,0.0012765779035035507
365,-10.385892541964887,0.2236541918198185,-0.0017267031059660098
366,-19.466958712959297,0.08226047931668745,-0.0035002535146873015
367,14.9668398417842,0.03388480897926627,-0.00840576365339274
368,20.882141007472182,0.06096967647867757,-0.008301396303643571
369,17.284556947421034,0.007943728150578977,-0.0033219773291435217
370,-16.479864804381897,0.07359983969115547,-0.0007887630687690717
371,-14.567488026957724,0.03055342420701379,-0.009723259825186403
372,18.99390943289201,0.04734901538385827,-0.006404131576580596
373,-15.939170278814792,0.01252440935907373,-0.006287326755931133
374,19.71094449140215,0.1722316794065648,-0.008088901915755287
375,17.376853482068938,0.020760002067916616,-0.005529799450435746
376,19.599860878192708,0.13332399860357214,-0.005029811906197779
377,16.00074509857435,0.02389488685352603,-0.0008264421103518771
378,14.231966883332518,0.11361919397553777,0.002591923385942607
379,-16.15906160725326,0.13460960029927094,0.018995011146053287
380,16.838993714960086,0.10466002585013712,-0.0013504899141025817
381,16.1242779310704,0.08213412135070541,-0.007985639941260558
382,16.975280436205235,0.0747828092279974,-0.0028459582884892143
383,-16.499218828119925,0.07874301517678362,-0.005024861953664583
384,23.677528155581996,0.04910943207737262,-0.0022259100021884137
385,-14.687909081549837,0.034217431136028154,0.0024819335959591626
386,-19.73816433523289,0.07347059975398906,-0.01119452198621218
387,17.699490799107235,0.06165954424102438,-0.0005462954691921595
388,23.020584031855392,0.12725559491379101,-0.00806541097750113
389,-20.77069026950612,0.09302242774361957,0.0022194537680633175
390,15.461392794362416,0.24824117869030715,0.0004011763840878757
391,11.836558433451433,0.13248657281685894,0.003651121806932167
392,-19.476849529178683,0.04053760813746976,0.0005199887731208719
393,-16.66699289559733,0.13762732621880502,-0.006849680139985992
394,-18.79604966448015,0.05606693628847381,-0.0034043497267575162
395,-12.938924738332467,0.01398191065300125,-0.005622465571036628
396,-14.54173985176222,0.07725293923137144,0.003848122243660157
397,-19.160141346202554,0.0011938970648515124,-0.01058356923287107
398,-13.883749764154205,0.0666871865726506,-0.0030307770868560624
399,21.914954949492966,0.04001819662161665,-2.726266225749896e-05
400,-18.590312844189093,-0.01163046984271432,-0.0008917321238612885
401,-17.016856592750383,0.10404355247526098,-0.004570974686082252
402,18.098936544278153,0.2541150220559558,-0.005317853233840708
403,20.30331060385844,0.06733213578961283,0.0011118794149851396
404,11.605802266911427,0.025411383956466693,-0.002178983717236349
405,-19.759042202418023,0.09700052536486226,-0.003648023298048031
406,23.984545650338827,0.02448132983933249,-8.598267387327496e-05
407,-8.20378790805322,0.08879814382022744,-0.003186692452253226
408,-17.901867844886933,0.0475526225094427,0.002118243359348071
409,-15.559937689075328,0.033375836824603766,0.0031536100071321016
410,-15.926422104590468,-0.01936748501238128,-0.0006385152194425814
411,12.830355329144163,0.06671618093859877,0.003252414518236435
412,13.704480032764193,0.007601016556549212,-0.001556756369723189
413,19.77973690226718,0.09814111812423221,-0.0043032045478526015
414,14.948215683387911,-0.03455924076952499,-0.010798308872630002
415,-19.778171412642735,0.048241523091590466,-0.004140279815850079
416,19.800038061888625,0.07404718091413542,-0.0065753980710212545
417,16.629854571476614,-0.011350654849209718,0.0011741655342305535
418,-12.776755465444221,0.028977941162992238,-0.002347955001198443
419,16.75006045938868,0.014472312116453168,-0.003945563009054354
420,-24.683056984428806,0.20686274440589614,-0.004387636895387459
421,-21.443404448359242,0.09253061374526794,0.0031577221807808087
422,-13.112410737595464,0.01668136028628453,-0.005209730062922802
423,-21.102758382184074,0.032866978867858165,-0.0024433433556865225
424,17.024407392840413,0.029348506232508953,-0.002043998138944403
425,-19.5891412632469,0.24775739844979228,-0.0008870133402538727
426,-22.8085267035606,0.10623079686170911,0.0015894605227444458
427,16.79982805229207,0.15728659839557224,0.004554758475556753
428,10.361581807178995,0.03158034445792168,-0.003560816345782314
429,-11.711404251693313,0.11511371995101172,0.00261626776398316
430,-17.915160514961624,0.2223077481567941,-0.011604964302122767
431,-19.18358243405826,0.039618894256093995,-0.0057502164173044434
432,16.440010976817767,0.16926279848701142,-0.004994305396706977
433,-17.022527303597737,0.004747731376070874,-0.003949945650610687
434,-11.945921263449002,0.0036171558799367176,0.0015870179440895527
435,-22.185056328052244,0.08604760482917584,-0.004772605490025228
436,13.332331738388953,0.19705105886247054,-0.003340651346739776
437,13.160145703134479,0.03623740242389317,0.008439990695407573
438,-14.659553953378976,0.07218263209804832,-0.0009894306026154709
439,15.055637087648536,0.1255920641554411,-0.0006274362236737829
440,-16.3604667786802,0.120984485087277,0.007524702289906315
441,20.239061702433577,0.057383559082992974,-0.0010221462461217357
442,18.19526079123052,0.03628826555708997,-0.007224144582266945
443,-11.645534230270016,0.0189024974535954,0.002515285006175816
444,-14.477015137043706,0.13183789404862978,-0.006815346028872682
445,-19.873534974079245,-0.006147556315127645,-0.004077706188091668
446,-22.907156741738184,0.07025702120682809,-0.005176803011806896
447,11.316329122518058,0.2031026878050426,-0.003636974995721687
448,-10.236586506540476,0.0919763058104337,-0.0013570851087152391
449,-11.308609267264915,0.1964464647811468,-0.0009334720530418394
450,20.13506092612678,0.009920686066621442,0.0006007119662356786
451,-12.242865536165288,0.030879893594729424,-0.008685806084947956
452,-10.04445370865171,0.09288837956316343,-0.00442449817253987
453,13.714255988563968,0.034198113186576506,-0.00028451604776336126
454,-11.250518343479735,0.19652366623218143,-0.006963269351636825
455,-13.548910548293147,0.13378877117305876,-0.007313964191034472
456,-20.706608512981944,0.05646204477831418,-0.0029258299269585564
457,18.75141265182649,0.03187328508906262,-0.001473322472207883
458,-16.824373248539185,0.07686155425682273,-0.00562913211743421
459,14.143105942873316,0.06939218000660219,-0.0013522951410820383
460,-16.209403582641144,-0.047167702443672965,-0.0007956314123376274
461,16.234771396451595,0.024877308949371013,-0.004628836764759114
462,-18.367226941253723,0.13741830881794215,-0.005043935057223337
463,23.260547791025065,-0.01804171003158217,-0.012372361949573474
464,19.561172591413793,-0.005080504088851967,-0.00046763137311245373
465,12.578190842297875,0.12388430115612437,-0.009983282018026784
466,24.00926521741146,0.09573315831545415,-0.001587163861088925
467,12.217997617888281,0.20964981768926805,0.000313141923669491
468,12.505062386665386,0.07218741882039126,-0.003963791729987065
469,-18.938580594881195,0.02174293943471639,-0.002818291798448058
470,15.163497727765394,0.1478649465674522,-0.00218398587856683
471,17.533003971944364,0.0657188063408114,0.00014002444920890866
472,13.205865567788628,0.03674701136893077,-0.004466101520193888
473,-18.705894252056563,0.07089782895896235,-0.0068728153564237005
474,-14.096732305278502,0.025619687921476952,-0.004590446448673902
475,17.35046436759511,0.1934179180503719,-0.0010318567375477983
476,9.926851751211586,0.03975888765806701,-0.006584776371262535
477,14.006509579908027,0.07043945242247673,-0.003073437634029119
478,21.58073134558118,0.1220487774379393,0.0034469489374302498
479,18.913556298454903,0.032932099232652945,0.006220715115745179
480,20.014542504429716,0.009356029090639595,-0.010909347535232428
481,15.089309945924137,0.03251918551166,-0.0010322312389234867
482,24.201619937760487,0.07616848287068478,-0.002272275410987845
483,-15.890065089711017,0.018874767005002013,-0.007214912039401611
484,14.813658985665125,0.12121201329162545,0.000420269179414845
485,10.151078731956309,0.029842007295798112,-0.001051889601626499
486,16.581085782429362,0.047286832846310745,-0.002483297878626445
487,15.09185388387406,0.06456825385743059,-0.003644523787315279
488,-11.12086074619723,0.10459038816679822,-0.0007463321163214687
489,-15.677468363359472,0.0732557783369856,0.0023293392598660034
490,-16.53197942927623,0.08573482026311297,-0.0011134992032921787
491,-20.77610019877789,0.25446840563746775,0.0002524870485629549
492,21.28518660063133,0.09359118803492095,-0.004672756280648116
493,23.624733184129916,0.046426174035659074,-0.004488988750729561
494,-15.720252982767558,0.19042623189847063,0.006023903279782417
495,13.394070889938671,0.04949603406552683,-0.0018570195353078134
496,-16.56790674037993,0.12554331709689848,-0.0006656666094855268
497,17.320714194943232,0.04512457255415825,-0.004685742780239366
498,-21.335101988339414,0.15190358642702506,0.0029890089075550463
499,-14.307983096165016,0.03154427383624636,0.004922534406723855
500,-26.076102983718823,0.07551117628293014,0.0021044167635579925
501,24.08432914476767,-0.040636273192887984,-0.0045908251515385246
502,-15.332915460085003,0.055236499919772086,0.0010344723718702653
503,12.250627748123343,0.12687472757919238,-0.008619475830322187
504,12.482247082163248,0.08466663264468366,-0.005452574254846354
505,-12.139565019356468,0.08904074676449625,-0.0006551569016224335
506,-15.335559579974115,0.05544692123530126,0.0038116616576644446
507,-13.439600152592822,0.045421238882894954,-0.01006105928716039
508,-21.880216179484933,0.07009560996424113,0.006399977937952883
509,-14.543074891777778,0.07321127407112726,-0.007682192146603484
510,13.653132093066615,0.14480590623250578,0.0006976349660163805
511,15.909937994211317,0.11260204087454895,-0.0023768157574863835
512,18.817126918449897,0.10045525153512358,-0.004855655631288869
513,-24.487577709566395,0.007377494601044532,-0.00461762244245989
514,24.235460927246596,0.1191856486025813,-0.0029181208847575135
515,-23.155004600340423,0.029751347069236544,-0.008531594131682141
516,-12.763939644599706,0.02023834492497656,0.001859847417939875
517,-15.432141346679682,0.12340402786179538,-0.0018138852087616897
518,-19.343534731093865,0.09507729916495578,-0.0030952262950023623
519,22.253464571907372,0.06399539412377919,0.0001259106670730148
520,-21.995424372322862,0.03231072469398555,-0.002645869829407843
521,17.363249780240064,0.11648928452231644,-0.00018563795629233937
522,22.67060706719345,0.08036514538170536,-0.00012335559662801643
523,12.261266217498601,0.09550308388504902,-0.0020147129685099685
524,-15.901058934655087,0.07211926598481,-0.011624233998603017
525,-22.724641265881402,0.04672726222645451,-0.004171947349590255
526,15.05791779644568,0.08413066039796036,-0.0027165333722365403
527,-20.00391796742444,0.1559280081725376,0.0030889642520435245
528,14.450619979996269,0.16626288334072115,-0.006176919841450967
529,15.775614171561104,0.11674803257881194,-0.0037856175083703647
530,19.708976658687916,0.11741733825793688,-0.003800090419240121
531,-16.8845341452008,0.09163198227487612,-0.0024887394062957924
532,12.17162356752036,-0.011597313493041383,-0.0038805885073713853
533,15.631470833252045,0.06331555293020585,0.0009589913788303761
534,-9.801939185856504,0.14414637984569367,9.426721922523029e-05
535,12.661518456667192,0.07278816167666946,-0.00721146393367178
536,15.423296958127802,-0.008726702562270816,-0.005091777158774846
537,19.11566843630259,0.1585796162958104,-0.004081138764291836
538,-14.252959964577302,0.040090069895242664,-0.005590176754317611
539,15.312954024698056,0.06378116118102639,-0.0039877805163826
540,-20.619206167982107,0.20911434046638533,0.0030457832757662118
541,10.888743466326925,0.06636542396942957,0.0016636244344354623
542,22.280596964065353,0.06080191211842134,-0.00994292321490775
543,-12.663060535121028,0.10739838896070353,-0.006182370989101571
544,13.829208808863255,0.1440258584235039,-0.005463630234359584
545,9.695795844259385,0.11375905366045913,-0.00023100716273916078
546,-13.493969216657243,0.1332615452138839,0.0016544668998079715
547,-20.633788226502286,0.22577600632521921,-0.005501014822414163
548,17.526894205932145,0.17997028075157573,-0.001826601164935937
549,14.789251159992393,0.05772708067615895,0.0021381877379127445
550,-19.51637808055968,0.04694043663694458,0.00307914652358221
551,9.926964095634654,0.10766574541315777,-0.0026731207388905887
552,-23.312462665895968,0.016130971329701538,-0.000829375833326651
553,11.874382052340916,0.06310768359929853,-0.0048711653655288956
554,13.023377571370485,0.12693510022772614,0.0071384079809817536
555,-16.69853061141705,0.10620343554531075,-0.0006715816861415647
556,11.12572367239786,0.05338973354321297,-0.0007360737894401836
557,-17.634898701609018,0.051625435635997974,-0.005388019682030176
558,-19.935131840003507,0.1609983079671906,-0.0012401468372047475
559,-21.78912343144845,0.07462516574653932,-0.008096960710162193
560,13.796154101819882,0.034081082935799145,-0.005758712185048864
561,15.716070884911495,0.09604443940479257,-0.007018123488414574
562,-13.359272934868049,0.07469901801674439,-0.005726430185937659
563,-20.9338647896935,0.1544444799722413,-0.00743091816206487
564,-11.726117154714133,-0.002688861511472851,-0.008897086475940341
565,19.79045865970689,0.10173968955103874,-0.0014936722933924784
566,-20.52687747026088,0.0583571619090435,-0.004460510818120156
567,-14.64144343031785,0.053871534400499854,-0.0005577220006287575
568,18.697522448031492,0.028221988311173618,0.0014307385418987906
569,20.32723988526676,0.07055996290971223,0.0023947385297375945
570,16.941907839412963,0.020935906875337196,-0.003452577248168609
571,16.94360435203648,-0.004810072715926594,-0.0007130982987675338
572,12.097043224780135,0.12056480975078898,-0.00402004386970134
573,-17.54257598045779,0.1484838395123944,0.0021028896975892053
574,14.613489629910042,0.12692612957629024,-0.0022309126357313858
575,25.590628754547357,-0.028812293320982008,-0.006385926128928077
576,-14.536305462717824,-0.0036835109295054735,0.0034182441441572564
577,20.815548704422422,0.11458529146271701,-0.0034026556724100487
578,-20.62010430602474,0.26152218513045966,-0.0025030479208894008
579,21.812963211419074,0.1324954075845426,-0.0011189398317412724
580,-18.93014578721353,0.04033676672644049,0.006386819697205226
581,15.50824360386951,0.03554141082248918,-0.0009833941344012942
582,-20.118095935068563,-0.017167269718441958,-0.0016284100484824648
583,13.245815878366477,0.15680096975205515,-0.004582284751805332
584,-15.629867699514076,0.03416780217696669,-0.0058842685116928806
585,16.901626627076162,0.15391828479849323,0.0017616711246404293
586,18.485380986469863,0.03668944634020477,0.004869243242808352
587,-13.894731247316551,0.17253213424935154,-0.006952785541436413
588,-13.012846120765658,0.15525914291220033,-0.005590749682426122
589,21.71863019588902,0.06468321897605733,-0.004979086816490508
590,-18.38035142633066,0.0183449946177916,-0.0017337885043531287
591,19.13689092411767,0.016591650163633176,-0.005216908260536002
592,18.508265199214797,0.11990876995965039,0.0012315544709835535
593,-22.289445424948433,-0.014516519807827422,-0.00508912858295929
594,-11.942255326112097,0.0983871607482456,-0.0011803764873405953
595,-21.42259575209505,0.05837583885518427,-0.012047778732402037
596,-19.937682842700898,0.06940564287279472,-0.005109108831589992
597,15.968458387694751,-0.02369597272785029,-0.001635506982303525
598,16.77898612394957,0.023391144795027685,0.00573173166101526
599,-16.551205613001894,0.16451684595837435,-0.0018542565222006147
600,-13.325446263034578,0.11369926648215767,-0.008243630646624922
601,-20.186418144759994,0.09292255634839819,-0.008892310306556794
602,18.970594195266784,0.05174874709278754,-0.0058862222223936556
603,-15.638428583441835,-0.017472885062275623,-0.004829984930175613
604,-13.784548873154693,0.07223813891441466,-0.006633554845230094
605,-19.49490318464819,0.017167367701574676,-0.0016582509396698697
606,-21.230715528134628,0.0643858943269322,-0.009054418724446123
607,12.0225483863865,0.02169850772180837,0.0010093133540394206
608,-16.507916337929416,0.17626647204798473,-0.0029301119844689083
609,18.30028052184605,0.19844847573044433,-0.00687824669453363
610,-16.20091944056516,0.10933637886134306,0.0024606977722072543
611,22.4592158715841,-0.0005919692189735315,0.006509973654338808
612,14.473218681443017,0.15231186468012936,0.004480712984353374
613,-16.338271302336377,0.07204864320591753,-0.000962120837975533
614,-18.018389974862647,0.03827515957517846,-0.00493006310308175
615,18.167913053260556,0.08760197464576436,-0.0035647470734119224
616,-17.338674112855983,0.23670307835064364,-0.0028417152877580065
617,-21.24798633059792,0.09631381265957373,0.0075926184037982125
618,13.813802343339276,0.0537117331197976,0.004611230147844481
619,-18.17180405835858,0.07567908966738912,-0.0020391389758671608
620,11.953467838571434,0.02251346949461208,-0.000369840162534274
621,-22.023534435787973,0.16349247996109284,-0.0005440415373669794
622,18.683878079688885,0.07352244506704153,0.006352445564992593
623,-19.259317818408384,0.08725011633616475,-0.0010409253234726634
624,13.465997874619239,0.0613661919084052,-0.0032408761758091487
625,19.54777401878724,0.15181644622160206,-0.003670301694484124
626,14.654697782850517,0.08365723721452412,-0.00424309448356297
627,19.937879817458402,0.11767243448095144,-0.0035000733528320893
628,-13.762277977151127,0.1640690292537954,0.005089090592974799
629,-16.90379519510446,0.017774850114633978,-0.007765434450725195
630,23.235104174489987,0.04430929224760405,-0.001153987283011304
631,-14.37816598614596,0.04697379626031761,-0.005619631338660724
632,11.851338881487468,0.14589911820709744,-0.002783800719271312
633,-19.268532894340158,0.07993688357939277,0.0002306075940765595
634,15.481869880778891,0.08718346300440771,-0.0024907054914820037
635,-13.551469355770703,-0.03934181110952295,-0.004157714478154162
636,20.939481989617313,0.04794481507531145,0.0003549234710078508
637,18.73365988290103,0.1491026064474852,0.0015314104721255717
638,-14.919107857020624,0.04258988696349775,-0.002154237414217164
639,-16.754235871818263,0.09144469593266535,-0.004942144480878596
640,21.278405633437714,0.1436118215260933,-0.003287952770222091
641,-17.38558510353962,0.13234679233606528,-0.0030283128481372046
642,23.037278316063937,0.044942967516931276,-0.0022512915180925575
643,-19.3074077903053,0.04021291441181063,-0.0026861503895432293
644,-15.114114720374566,0.11708483110838586,-0.0004908867743083078
645,-19.038051859887222,0.07852394390791062,-0.004069335122643736
646,19.14891656145207,0.04374578221586489,-0.0005724098693349333
647,18.016456994100384,0.03333132967084396,-0.004772551901901068
648,-16.20937874175982,0.13469597572920122,0.0037675916029584755
649,17.89579254676577,0.10814249622971772,0.0015312100058864075
650,18.954800870544847,0.04684121619408188,-0.0007916989337815039
651,-16.417791081005273,0.10006639917997973,-0.0027451497822141846
652,-19.188066819153043,0.0034580468871041603,-0.005090383835955947
653,21.43412312328845,0.14499902364192963,0.006650470316316159
654,-11.375361506410407,0.0716678559025894,-0.001530585435936871
655,-16.63729709538114,0.05475255843636262,-0.00010006185744515506
656,-11.939031992297819,0.17623911605599574,-0.0017559867528120776
657,19.823559507269806,0.05039413830884598,-0.00023350699624558047
658,-22.57211885179388,0.0332972576742776,-0.004705337416631039
659,20.397020738306196,0.18677519376517182,-1.826743743293946e-05
660,-15.968118674255859,0.1737961026649799,-0.011243797047391979
661,-9.176651521058275,-0.02431788803643542,-0.00141963153065916
662,-22.3628890585687,0.020188887304740888,0.0010175000028667114
663,14.795323400105538,0.10725921786088577,-0.006819899587661382
664,15.29932271898135,0.0720512320263964,-0.009537600104145838
665,21.11782970361874,0.08502533727953221,-0.00017014402757098424
666,-13.497202745486783,0.1492658060249994,0.0007689001033241993
667,13.109617162000658,0.07985665015505106,0.004698453911586853
668,15.24196519968041,0.17455923046703958,-0.0028899020870127856
669,-20.6984899465474,-0.05314783500203646,-0.0013594987013405557
670,12.067872983114247,0.08587606167854744,-0.000936656060424923
671,13.058790985965665,0.10711402487305577,-0.0036494598592469174
672,-16.806954513558672,0.12792425344866842,-0.00778600297775256
673,-11.761673989050655,0.0297649896686778,0.004370587209081123
674,-22.683571012030356,0.012853998314369619,0.0009761719098122512
675,-13.458457417334523,0.09018359644827001,-0.007231855664755926
676,14.657247743838935,-0.0018898937137379335,-0.007452112618956619
677,17.49145916457736,0.03875570515096172,0.0018443612570919754
678,10.75820089787463,0.10829901592937574,-0.007300788584664986
679,-21.183426064494327,0.004894927246482439,-0.0020440239740651123
680,20.34488419080055,0.10502946364627519,-0.0034694453773198575
681,12.814088670679002,0.06641871425630086,0.0027946442646182845
682,-16.00163794566503,-0.025710961350924322,-0.001957344778311665
683,22.653477604195462,0.07959005630966942,-0.003963215043604862
684,-16.2950296366013,0.09082271350156645,0.002814950681816697
685,21.969203456773258,0.05813609798107677,-0.00182044513687174
686,15.468189086354196,0.3029809891028208,0.0014155709417025264
687,11.816312560965192,0.07116766463269641,-0.000770416148029085
688,21.757921678227856,0.02016421037403404,-0.0026690306295833466
689,13.415896442787208,0.16082094145076553,-0.00012901029015210952
690,-19.069910294907665,0.0887154799434029,0.0036961770762786728
691,23.488386511206425,0.16339665856382624,0.0002646836311370748
692,18.198863078219038,0.05595223141986594,0.004179634627561768
693,15.670160135744808,0.09086669616337417,-0.008113915169104757
694,-21.570418224839674,0.053569670775374334,-0.0037923148420873076
695,-14.433901068702378,0.14392412886367367,-0.003887308186229177
696,20.37612687294116,0.02524617502932358,-0.005658760655187223
697,22.705261350760065,0.055771662116228526,-0.003499023473651164
698,-14.44544700701372,0.09256478974907623,0.004271096502549199
699,-13.461514779697167,-0.043215117810163406,-0.006044370859179082
700,-11.810591017000919,0.10627747763901141,-9.564772278025657e-05
701,20.878343492342303,0.043855060696373016,-0.004475335230004873
702,15.97230378166617,0.11779614287897289,0.0008641137376628194
703,12.232100884851462,0.018333984012670612,-0.005879685394809542
704,-18.42184825622186,0.1336337552454836,-0.0025739291828870137
705,16.494909385840053,0.07679215379114623,0.0020164091493981573
706,-21.69941676940686,0.12939208829283189,-0.004596430007055119
707,-22.77629176553616,0.06902602453313023,0.005545953995159891
708,23.048685597048127,0.1367929182703591,0.00428018690585219
709,11.323186157764368,0.0133001856456616,-0.00324646316393995
710,-19.08357405227213,0.03690865618445116,-0.009525691923904844
711,-9.19024958096112,0.07087709568554601,0.0013159237961417602
712,-19.65148623455661,0.12960409710082388,0.005740968051348716
713,20.661540585491725,0.004336871244504437,0.0006721153352060583
714,-20.393431365505144,0.008292412217855372,-0.010463657082624422
715,11.830273993302585,0.005972311675009223,-0.0033461793576492482
716,-16.230987118033177,0.010766427518433375,0.004069009468295803
717,17.383995563630908,0.0498222716245067,-0.006410679757046012
718,-17.42025113862341,0.011523035582627017,-0.005377170555163957
719,-16.520837020562734,0.05872164843933092,0.009412675222563394
720,-21.02593596300174,0.08240694504583246,-0.001217872875706405
721,17.977358556686216,0.10039999586948056,-0.0036395408590976785
722,-21.69045761568129,0.018394924208138264,-0.0037580054832204723
723,-18.54692795475752,0.11917031174805004,-0.002816615000703848
724,12.221798624026396,0.055385875988221756,0.0028730354607304776
725,22.193311108849944,0.21707840918135446,-0.008695134697724427
726,22.32935951427613,0.03667640106765191,-0.0038888227979683165
727,-19.115980492076424,0.1673813893584395,0.00030040902302630457
728,-13.508846483186314,0.15924662637978315,-0.0028506200612881116
729,-17.490261268254457,0.11088323509740405,-0.00850285575473464
730,14.002334742924242,0.08002163678737872,-0.006506307955355339
731,-20.75709855153214,0.08496370010311693,-0.004466130567834625
732,-11.484842927214743,0.006170844117690422,0.0009236970142580958
733,10.55891365307294,0.21708408232849763,0.0005177320732272506
734,-17.75010134173446,0.17202853499156845,-0.0049385692375949475
735,18.540453789673855,0.02507100765869552,-0.0025573240293326194
736,-14.545916612422193,0.0900146143665097,-0.0018570412386793578
737,16.574115781030915,0.008328633251963424,-0.004249588660421466
738,11.942113551093394,0.06748562489875098,-0.008863302614486201
739,14.80482450788106,0.030980350444252736,-0.004254305477601861
740,19.76388768046202,0.18775586079853213,0.005416803800834202
741,21.20774137801975,0.08183179083506786,0.0026393402754862905
742,-18.51652523770397,0.00986061050421938,-0.008920244064960059
743,13.984130145054692,0.0719140875979889,-0.001818746205138666
744,-10.92595567994642,0.024260579222683987,-0.0028098767103799105
745,-17.413288623211226,0.04475092450832108,-0.0067787644872936426
746,18.238296397048952,0.07431158317071151,-0.001631000099600044
747,-15.140358095150372,-0.058071660028986116,-0.006037408770225738
748,-23.09621697868971,0.1427730121210118,-0.00045242727161109997
749,-18.60451007153891,0.21321331512849895,0.0021639659453924764
750,12.905045185721287,0.16461946447708442,-0.004333802209401938
751,-14.372433189518844,0.09789634250887502,-0.006603561894948484
752,-21.59206517769569,0.10254439409719396,-0.003057042754171846
753,22.649386762482855,0.08465275716018539,0.0041913306042076215
754,-18.663759013261743,0.1282204276894845,-0.007521278208685089
755,18.075071401742367,0.1294546587599683,0.0028188662519497143
756,9.445393576633618,0.0521828867525187,-0.0050969401252558555
757,16.68119212802706,0.13806588120556285,0.005030451454530294
758,-13.094248842863038,0.05493587396068733,-0.000558906055175612
759,-12.964691547705009,0.1059975694468136,0.0036105696540502663
760,-19.508384170848792,0.08300651590906227,-0.0025690883391007446
761,21.783422446138385,0.07455088655086684,-0.007323919419150116
762,20.422310994784603,0.10027285292770216,0.0027553968177898014
763,20.011856570169865,0.071145590715048,-0.0017269980851040145
764,-13.005909726204735,0.1601085364495276,0.0025712274306997074
765,21.040965946263018,0.031028139822140588,0.00287578137587019
766,-14.746735197275738,0.0967169185397978,-0.005595448820081117
767,-11.223958080598948,0.07235851849432606,-0.0017219559487529068
768,22.527364418710647,0.07565321183736273,0.001501414749043306
769,9.259565897821563,0.031041047441206615,-5.101826886999561e-05
770,14.681017920762274,0.01642717056853371,-0.008397557061186944
771,-12.164381603775858,0.0006350888126434029,-0.0012155017624522202
772,-18.809210437951176,0.058387405074341814,-0.004146757580997473
773,15.575608416797788,0.06639990861027911,0.0012005181168959211
774,20.366731718626497,0.13180525209395455,0.005270918996288287
775,19.966153730467774,0.03105030490458205,0.004265296822914877
776,17.325906206174338,0.1276330241361876,-0.0002652635778517265
777,-22.3699959861687,0.12863162447294485,0.0052508664096961866
778,13.68821619948826,0.023859305100245365,-0.002724145615857765
779,-9.83812851266168,0.009386446031015794,-0.0030814996944599216
780,15.720657472410744,-0.002525526245804599,-0.0035637089879898554
781,15.278821665784701,-0.03613214533625353,-0.0006249776123254946
782,11.05971423753493,0.10331576309646096,-0.0037616810895073627
783,-16.578278850305335,0.11487343497678637,-0.0001009651516810095
784,15.737709376124364,0.01736682586935956,-0.002470515044144861
785,16.33588322282392,0.13138649402959857,0.0004541625071325939
786,25.614269191193035,0.09570133298137762,-0.00345019989627815
787,-20.764842809493373,-0.01801691877089695,-0.004340116065129962
788,15.862064296185522,0.1303557629490939,-0.0017568559770282377
789,13.970583250694206,0.19617650269606202,-0.001574872625297985
790,-14.959315988651165,0.008542627665775626,-0.0006203271624087847
791,15.451436740807553,0.1761990336490129,-0.0019248770537458881
792,-12.445254735536212,0.028154031300360316,-0.005775911210271545
793,16.21012735748509,0.11141808008193266,-0.006141706667108338
794,-17.103146402596135,0.025193957284614044,-0.0036272753140309533
795,18.144495302103877,0.10354523646343239,-0.00426154611090368
796,21.030790941231263,0.12396358072622604,-0.003353498857968873
797,19.201595192468865,0.12453195958913454,-0.007756515019615051
798,18.776196325559862,0.07614753395023399,0.002632418339544529
799,-15.131845071296098,0.06213351410337964,-0.01041070713684178
800,12.652271923137608,0.07795134772777601,0.00012923765021355393
801,-11.016546423832947,0.04832454489191207,0.00154605678147135
802,-16.959388380627747,0.08192517055624648,-0.0071932332275252975
803,-22.361944542316525,0.058687319834234586,0.0015652063273705608
804,-16.982926673484553,0.07162628238461366,-0.0032018155818036576
805,21.096108606642257,0.08906334871045374,0.001755494465925267
806,-17.16725200433825,0.050366306076142564,-0.001929716015268923
807,-11.3952474902369,0.008083688818231849,0.0010637895054657065
808,-19.03629775585012,0.014194130613191192,-0.0002677888464575062
809,-20.928059539454576,0.13199768126921185,0.0005836227088735768
810,-16.94303014767232,0.10344193817235237,0.004378338766628076
811,-14.720782269111385,0.11807985948983912,0.00126705473700639
812,13.958899815688529,0.11719259535266247,0.007691451983390607
813,21.4906381084523,0.10398918569943305,-0.008331599014219648
814,-12.822067059944718,0.12420580818715621,-0.00413643242806927
815,18.570594829524605,0.03583513344307221,0.0001847193499173727
816,14.003004655650143,0.11008008161215344,0.002997811354703117
817,-13.954611673425934,0.044397011786003304,-0.0004491503046466505
818,-16.171465382855168,0.1446064778306777,-9.543349615626084e-05
819,23.18339954102643,0.23478484100736807,-0.009390839789823247
820,14.801351119946798,0.07548494765340763,-0.002852100403210045
821,17.133282745252576,0.09964775670755444,-0.0019480829889033657
822,-17.914610467208522,0.15805238247983766,0.001083812328914746
823,23.46436358949672,0.08265661699907412,-0.001637333775768468
824,-13.878370684289468,0.1460883576634302,-0.0029778817140666547
825,-20.864217014502145,0.11484708834717594,0.0030051963199184684
826,18.556976995506798,0.07068467631846431,0.000640085720498007
827,-14.047046166012997,0.07537263174100417,-0.009639975945788137
828,18.43628167485486,0.04880672316591017,-0.006544605901694922
829,12.210018678079871,0.01953137842860997,-0.005635054351941449
830,-10.128735485974618,0.06926266859460384,0.0018642883618298356
831,16.136991799915982,0.05670692689830048,-0.0006491485007984465
832,15.55545924921775,0.10151125783571047,-0.009024790712700792
833,14.537535251074047,0.07483060921234141,0.007408875856995678
834,-19.86957059708214,0.032225188560161655,-0.0027079317890255084
835,-24.521722363590506,0.04901963704774914,-0.006103302702008762
836,-15.09276314965696,0.04185591750490403,-0.00796827218972851
837,21.165939037338287,0.21968871548284596,-0.0006336353888656276
838,-17.609966364077568,0.157131722200603,-0.0018942251745528438
839,12.745029582793121,0.11341722480817396,-0.010656122220247255
840,-13.263743676550115,0.10045953222112303,-0.005568521345324484
841,15.393760900901967,0.29658762649789594,-0.007037085912180885
842,18.385935631080837,-0.016530771084759976,-0.005338697114574131
843,-15.65802446674191,0.07009980655256243,-0.007624367574813107
844,19.56392110624941,0.17251577528323025,-0.004136822449488875
845,23.57352725766566,0.008532529547963463,0.0005973509450072356
846,21.092460591158574,0.032646222429136174,0.0009141232419764833
847,9.909533887953994,0.16940492363011117,0.004362014829141003
848,-21.149689716080893,0.10479882795485196,-0.0013878244076295232
849,18.72395576877875,0.09817211894787192,0.004384254312540747
850,13.66542223970056,0.13644514945592334,-0.0003751396281401753
851,16.7835545789796,0.20396196900084362,-0.0034201532353179687
852,-17.720199869277117,0.009221596397793519,-0.006960454053356102
853,17.294269805482628,0.07111490768575379,-0.0001723402051752032
854,-12.861054800415143,0.13449707970457325,-0.005679436891554701
855,12.26296933437763,0.04033674172450219,-0.0005275703045839464
856,18.844131573585017,0.03661647143391633,-0.009667634078411425
857,-16.615164968772703,0.11930433820246833,-0.0025191295338302666
858,-20.68709350320502,0.054142339417978746,0.0002375194941492964
859,18.86744102044603,0.0549923457583219,-0.003968022280538719
860,-19.080672861278547,0.04013547332969836,-0.003088862873134701
861,14.883023279807396,0.07803234739913023,0.00180093078262189
862,18.493682734734698,0.10037331013587902,-0.006417254933332117
863,16.823884479640544,0.09226900029227636,-0.007199543970529021
864,10.16290026183999,0.11669981577651356,-0.004251980858583693
865,15.958905033747543,0.09934442174561298,-0.005811741134998272
866,-18.268186769187786,0.09742750482861595,-0.006415969595757076
867,21.99293069407864,0.05738380172913082,0.0007587961610298066
868,22.95019011420015,0.12246123972883538,-0.0025125015747988755
869,-22.72227536508613,0.1443186328336452,-0.0033726356302636873
870,17.060714984198093,0.04660264463150554,-0.0076102211939783615
871,-16.91366734047013,0.09971174356464019,-0.0015486092529144457
872,19.576726926564874,0.05166030466317295,-0.0026933341742179095
873,-15.274478847902955,0.13920161101815154,-0.007963664921426528
874,-23.366678862853593,0.05502087214659923,-0.004561078550139541
875,-13.538868838412478,0.0811349727931372,-0.008909867802302074
876,16.783316598642685,0.14454239184883022,-0.0017242128226939712
877,21.399907416171246,0.06853127284621507,-0.0014122922824455486
878,-21.83804611161343,0.034303050821890224,6.391001921457473e-05
879,-18.305255164500036,0.052245473912464035,-0.0035527827444283844
880,19.344427555049723,0.07355259306226003,-0.0007863277149056103
881,15.761734800851574,0.16873723472933477,-0.0029976564740152867
882,15.624710315983455,0.15578743300386577,-0.00176113558730151
883,-17.11329747513362,0.049419927343649306,0.0009759915830329646
884,-24.67680419316721,0.08750817545336531,2.6264506090001305e-06
885,17.262800661426102,0.08572441232570327,-0.004067036548462966
886,10.75504489112253,0.2504042944543272,0.004287262512654877
887,-12.813173009848667,0.07849793490288448,-0.0053650350238001465
888,21.646114023378868,0.09391789866069189,0.005362010297218944
889,-22.15911841660419,0.059213110898866717,-0.0025864531932455748
890,19.02515484724549,0.06000003614207117,-0.006975648405969537
891,-12.69812933806367,0.05074129372671621,-0.0045489360814983115
892,-14.887186137729794,0.11184295762383556,0.004022891928393335
893,21.055182603814497,0.030961071269700824,0.0021194374547377492
894,-15.579336603287762,0.2994604369284133,0.0038119258253246358
895,-16.887936578499616,0.2620236320070717,0.0017470590864689939
896,-11.64280022827625,0.13914415877857778,-0.00688840885536024
897,-15.048220781025135,0.1484505170018764,0.00619838687818941
898,19.79852385655271,0.052778917839631845,-0.002967514475223254
899,18.189007020078705,0.14802605202137897,-0.003699030470471598
900,14.452822719209408,0.06999683679418922,0.006788184894077176
901,15.505680384444359,0.08340595632263614,-0.00273603791996635
902,-18.03067533637473,-0.018519573456416083,-0.0008440109920826444
903,-12.16110924393573,0.059736776769369726,-0.0038798263147441503
904,-21.543479225619972,0.12310050845090359,-0.0012784957699096822
905,-16.636736678850497,0.09013316459348175,-0.0009531017590376223
906,-20.089706226130374,0.0579619130085689,-0.0016199614836835963
907,22.167290088985492,0.06025196768932517,0.00041841593529312604
908,-22.536385576117322,0.11351025715246976,-0.009857222846328284
909,22.661001128158265,0.1742494766327809,-0.005443438319929328
910,15.21345661513396,0.11698293197099474,-0.008332549924006116
911,11.173271420955437,0.06757651907814477,0.002383693418600785
912,-21.934030610608197,0.0016881104119477186,-0.007352508708365235
913,11.494385013651835,-0.041264432023496056,-0.00046222541379847826
914,-19.576110695596864,0.11878883250014383,6.077400556137036e-06
915,16.946443180699248,0.16396561205179694,-0.006156328162838065
916,14.131535739758185,0.08120591628248519,-0.002673086833034688
917,21.03565418735267,0.06105296028441387,-0.0036922035444675316
918,-16.17509810034614,-0.0023034037469926716,-0.0026558341330371604
919,-16.32476975968317,0.08481247089746091,-0.005089006043625943
920,-22.468820723550177,0.15502390461793425,-0.005417464535128147
921,-14.554855183937743,0.06230919053331263,-0.004241820466859281
922,12.127239796948839,0.03710312495860535,-0.0017781451248453095
923,-14.549190539886036,0.03522732033438558,-0.007013580667752706
924,18.563731396789446,0.08937217122283414,-0.0024733851402629625
925,-17.82029580427945,-0.009307873265697708,-0.0043673419901892885
926,-12.723344984468211,0.1251206992908891,-0.0006633773050239711
927,12.044676142317858,0.05495034419544709,-0.00584390010021707
928,18.596822877157177,0.13051458458735965,0.0038617009992520934
929,-16.244797934491075,0.0397869044892758,-0.0058220747934782935
930,-16.52153104646154,0.14479777440665487,0.004527429174395081
931,-13.413454116630183,0.0406190509069404,-0.004059261313145157
932,19.31492843668309,0.1890455588473685,-0.005596609204161496
933,19.746300384827705,0.1292003195987519,-0.007069158425316857
934,13.637855245987451,0.14142778332752926,0.005838123424219077
935,-12.315120736215356,-0.0229972241108527,0.0002921747184032597
936,15.330891267147486,0.034284854046191526,-0.0056866268587825175
937,-22.379815620261432,0.0560851636712556,-0.0012505796735311492
938,18.491880363379426,0.13115020392575616,6.328661092425136e-05
939,-23.560748533242275,0.10848869765315783,-0.006722093044025712
940,-17.66410759719652,0.11647691679951322,0.0027696760584063895
941,-20.77469336063838,0.07370836028206895,-0.0052816373885917756
942,15.587393492174565,0.09193296806964213,-0.004170899454607024
943,-17.887454879250388,0.2248638368671294,-0.004420671725291925
944,-18.32941604222646,0.06168888893287772,0.002977064973464394
945,-13.637904210780015,0.08795324966975215,-0.004651692296256726
946,15.939999764925565,0.21071315191443318,0.002931167899475895
947,17.80116878180319,0.1699800202245001,-0.0015931814780287823
948,20.733910512892066,0.07869816612807767,-0.00563624195808643
949,16.810515731233984,0.06592532350298086,-0.006228964022163552
950,19.392886126771455,0.09363119910830164,-0.005019097160342767
951,-22.39582419038021,0.19813185342619022,0.0029075316689244346
952,14.011702676006758,0.20676518948761213,0.0021980272628496778
953,-19.09307066906933,0.0404260386469133,-0.005065295790593893
954,-18.178361917709424,0.15144311803230437,-0.00794978301886573
955,-23.576383094684346,0.03791322055738533,0.0006467435435695279
956,12.507353037876547,-0.005893460889751623,6.0235203292791084e-05
957,-12.429899293038426,0.08237778100924231,-0.0008713029429756602
958,-19.42664729282509,0.11216281481409851,0.002690442649935676
959,-20.918966753122408,0.07275578967036722,-0.0010295640106221526
960,13.923859273816683,0.16335283821157986,-0.0039980116118272235
961,21.00049241639168,0.03108896185545973,-0.00635867088026032
962,20.324666879878258,0.11087175891663037,-0.0020641796596692075
963,-21.149697813994266,0.11096230518326422,-0.005970201484991833
964,-15.583089883878532,0.04053340426941077,-0.015346424610697795
965,-18.451871628180502,0.035899485134592624,0.010402474740629941
966,15.036621027556434,0.05047208821572724,-0.008919362196387226
967,14.69024727639937,0.050052675765854815,-0.008096651765463037
968,20.20429988200166,0.029697417466053366,0.0013917064587332106
969,12.627030730459643,0.1645101651560168,-0.004787203126262796
970,-12.750777476356046,0.03336230283834141,0.005695541928908199
971,16.912182572693194,0.11593518978585848,-0.002357454682680782
972,-24.91802656400679,0.002346932601113849,-0.006572126686180013
973,-14.197893399870479,0.13116471608350366,-0.009757480005575303
974,14.826211800355505,0.1542044384292609,-0.00595135323400342
975,-13.07437651525062,0.12853579450339225,0.0012685866017960734
976,-11.41480219548179,0.05800668861955671,-0.0018969661352272738
977,-19.344105176244053,0.14011140298241287,-0.011414546395052128
978,15.851865704151596,0.11332178379358027,-0.0071098006389078705
979,19.368527545377287,0.08156940017701686,-0.0049506015806599635
980,12.65114430016145,0.0428563242281399,9.404746568719702e-05
981,-18.054883118295436,-0.023820298863483913,0.002281889740373799
982,-20.464876301442896,0.06939535520307061,0.008297680855612555
983,-18.429732887678366,0.01910858031830287,-0.0010403163838148544
984,10.891376947355365,0.08698608839762301,-0.004390173552621945
985,-14.80828286163749,0.11369019165447014,-0.004150403429711957
986,13.025265106045731,0.09888342695899155,-0.00042593122060452515
987,-23.12382220249961,-0.015473127306421475,-0.009220152906095791
988,-19.50066441127773,0.08950878369522286,0.0008514799367347337
989,13.823196096675296,0.13478971690693697,-0.012089672789628025
990,15.870959264414038,0.06823032671826468,-0.005596389048264427
991,15.315216899455852,0.07007123053780617,-0.007698054697662826
992,-21.32471321984401,0.16386012432390373,-0.002738332935727783
993,-11.574705225579276,0.03524584650911322,0.004329626111321261
994,22.862470049743397,0.06450558752541724,-0.0004451211894433982
995,13.518036024629836,-0.023883887477538224,-0.007300308708444447
996,11.418590356574393,0.07721600007255347,0.0008253123075689928
997,14.568157322099845,0.06430879699119885,-2.716710287842261e-05
998,-16.800955652450977,0.12253691369247122,-0.006218142519401226
999,13.732443151312005,0.13285441149159283,0.0012670588318570708
